State,Year,January-December Heating Degree Days (Units Fahrenheit Degree-Days)
Alabama,1974,2517
Alabama,1975,2687
Alabama,1976,3275
Alabama,1977,3161
Alabama,1978,3317
Alabama,1979,3184
Alabama,1980,3174
Alabama,1981,3126
Alabama,1982,2622
Alabama,1983,3278
Alabama,1984,2750
Alabama,1985,2900
Alabama,1986,2611
Alabama,1987,2806
Alabama,1988,3042
Alabama,1989,2916
Alabama,1990,2234
Alabama,1991,2552
Alabama,1992,2818
Alabama,1993,3028
Alabama,1994,2607
Alabama,1995,2871
Alabama,1996,3004
Alabama,1997,2854
Alabama,1998,2415
Alabama,1999,2458
Alabama,2000,2802
Alabama,2001,2656
Alabama,2002,2774
Alabama,2003,2806
Alabama,2004,2637
Alabama,2005,2691
Alabama,2006,2534
Alabama,2007,2521
Alabama,2008,2808
Alabama,2009,2798
Alabama,2010,3318
Alabama,2011,2667
Alabama,2012,2209
Alabama,2013,2825
Alabama,2014,3134
Alabama,2015,2427
Alabama,2016,2353
Alabama,2017,2129
Alabama,2018,2694
Alabama,2019,2398
Alabama,2020,2284
Alabama,2021,2396
Alabama,2022,2612
Alabama,2023,2139
Arizona,1974,2282
Arizona,1975,2498
Arizona,1976,2166
Arizona,1977,2018
Arizona,1978,2161
Arizona,1979,2372
Arizona,1980,1892
Arizona,1981,1782
Arizona,1982,2248
Arizona,1983,2231
Arizona,1984,2192
Arizona,1985,2217
Arizona,1986,1787
Arizona,1987,2259
Arizona,1988,2025
Arizona,1989,1851
Arizona,1990,2163
Arizona,1991,2142
Arizona,1992,2176
Arizona,1993,2061
Arizona,1994,2118
Arizona,1995,1811
Arizona,1996,1716
Arizona,1997,2005
Arizona,1998,2255
Arizona,1999,1823
Arizona,2000,1945
Arizona,2001,2084
Arizona,2002,1968
Arizona,2003,1857
Arizona,2004,2009
Arizona,2005,1860
Arizona,2006,1909
Arizona,2007,1929
Arizona,2008,1970
Arizona,2009,1864
Arizona,2010,2005
Arizona,2011,2152
Arizona,2012,1750
Arizona,2013,2063
Arizona,2014,1578
Arizona,2015,1778
Arizona,2016,1624
Arizona,2017,1473
Arizona,2018,1733
Arizona,2019,2087
Arizona,2020,1834
Arizona,2021,1723
Arizona,2022,2061
Arizona,2023,2063
Arkansas,1974,3317
Arkansas,1975,3543
Arkansas,1976,3734
Arkansas,1977,3690
Arkansas,1978,4185
Arkansas,1979,4143
Arkansas,1980,3855
Arkansas,1981,3546
Arkansas,1982,3604
Arkansas,1983,4085
Arkansas,1984,3524
Arkansas,1985,3768
Arkansas,1986,3296
Arkansas,1987,3432
Arkansas,1988,3757
Arkansas,1989,3753
Arkansas,1990,3066
Arkansas,1991,3308
Arkansas,1992,3369
Arkansas,1993,3962
Arkansas,1994,3372
Arkansas,1995,3503
Arkansas,1996,3770
Arkansas,1997,3670
Arkansas,1998,3083
Arkansas,1999,3002
Arkansas,2000,3565
Arkansas,2001,3322
Arkansas,2002,3546
Arkansas,2003,3493
Arkansas,2004,3199
Arkansas,2005,3180
Arkansas,2006,3051
Arkansas,2007,3226
Arkansas,2008,3654
Arkansas,2009,3552
Arkansas,2010,3724
Arkansas,2011,3369
Arkansas,2012,2751
Arkansas,2013,3747
Arkansas,2014,3974
Arkansas,2015,3326
Arkansas,2016,2990
Arkansas,2017,2761
Arkansas,2018,3623
Arkansas,2019,3454
Arkansas,2020,3190
Arkansas,2021,3254
Arkansas,2022,3508
Arkansas,2023,2878
California,1974,3300
California,1975,3613
California,1976,3037
California,1977,3056
California,1978,3142
California,1979,3204
California,1980,2939
California,1981,2816
California,1982,3431
California,1983,3056
California,1984,3057
California,1985,3277
California,1986,2724
California,1987,3025
California,1988,2896
California,1989,2936
California,1990,3075
California,1991,3029
California,1992,2721
California,1993,2920
California,1994,3163
California,1995,2735
California,1996,2655
California,1997,2667
California,1998,3416
California,1999,3058
California,2000,2836
California,2001,2970
California,2002,2952
California,2003,2840
California,2004,2848
California,2005,2820
California,2006,3021
California,2007,2882
California,2008,2868
California,2009,2887
California,2010,3092
California,2011,3187
California,2012,2748
California,2013,2712
California,2014,2095
California,2015,2347
California,2016,2445
California,2017,2449
California,2018,2546
California,2019,2950
California,2020,2570
California,2021,2689
California,2022,2672
California,2023,3123
Colorado,1974,7459
Colorado,1975,7752
Colorado,1976,7398
Colorado,1977,6993
Colorado,1978,7658
Colorado,1979,7858
Colorado,1980,7305
Colorado,1981,6679
Colorado,1982,7660
Colorado,1983,7760
Colorado,1984,7808
Colorado,1985,7789
Colorado,1986,6881
Colorado,1987,7241
Colorado,1988,7364
Colorado,1989,7289
Colorado,1990,7203
Colorado,1991,7229
Colorado,1992,7137
Colorado,1993,7780
Colorado,1994,6851
Colorado,1995,7217
Colorado,1996,7191
Colorado,1997,7452
Colorado,1998,6966
Colorado,1999,6766
Colorado,2000,6877
Colorado,2001,6876
Colorado,2002,7230
Colorado,2003,6843
Colorado,2004,6961
Colorado,2005,6832
Colorado,2006,6923
Colorado,2007,7156
Colorado,2008,7453
Colorado,2009,7353
Colorado,2010,7057
Colorado,2011,7397
Colorado,2012,6397
Colorado,2013,7480
Colorado,2014,7155
Colorado,2015,6668
Colorado,2016,6672
Colorado,2017,6479
Colorado,2018,6872
Colorado,2019,7498
Colorado,2020,6814
Colorado,2021,6723
Colorado,2022,7212
Colorado,2023,7168
Connecticut,1974,6276
Connecticut,1975,6029
Connecticut,1976,6548
Connecticut,1977,6327
Connecticut,1978,6790
Connecticut,1979,6091
Connecticut,1980,6496
Connecticut,1981,6334
Connecticut,1982,6332
Connecticut,1983,6026
Connecticut,1984,6118
Connecticut,1985,6115
Connecticut,1986,6124
Connecticut,1987,6119
Connecticut,1988,6429
Connecticut,1989,6445
Connecticut,1990,5370
Connecticut,1991,5477
Connecticut,1992,6378
Connecticut,1993,6270
Connecticut,1994,6241
Connecticut,1995,6145
Connecticut,1996,6270
Connecticut,1997,6140
Connecticut,1998,5236
Connecticut,1999,5614
Connecticut,2000,6108
Connecticut,2001,5672
Connecticut,2002,5697
Connecticut,2003,6458
Connecticut,2004,6148
Connecticut,2005,6178
Connecticut,2006,5416
Connecticut,2007,5945
Connecticut,2008,5908
Connecticut,2009,6103
Connecticut,2010,5524
Connecticut,2011,5605
Connecticut,2012,5028
Connecticut,2013,5930
Connecticut,2014,6205
Connecticut,2015,5938
Connecticut,2016,5364
Connecticut,2017,5440
Connecticut,2018,5739
Connecticut,2019,5937
Connecticut,2020,5344
Connecticut,2021,5410
Connecticut,2022,5627
Connecticut,2023,5067
Delaware,1974,4693
Delaware,1975,4614
Delaware,1976,5077
Delaware,1977,4942
Delaware,1978,5422
Delaware,1979,4990
Delaware,1980,5176
Delaware,1981,5146
Delaware,1982,4918
Delaware,1983,4832
Delaware,1984,4849
Delaware,1985,4559
Delaware,1986,4750
Delaware,1987,4901
Delaware,1988,5171
Delaware,1989,5091
Delaware,1990,3944
Delaware,1991,4227
Delaware,1992,4876
Delaware,1993,4894
Delaware,1994,4801
Delaware,1995,4808
Delaware,1996,5006
Delaware,1997,4708
Delaware,1998,3958
Delaware,1999,4373
Delaware,2000,4735
Delaware,2001,4349
Delaware,2002,4246
Delaware,2003,4940
Delaware,2004,4589
Delaware,2005,4746
Delaware,2006,4006
Delaware,2007,4477
Delaware,2008,4407
Delaware,2009,4608
Delaware,2010,4584
Delaware,2011,4252
Delaware,2012,3850
Delaware,2013,4578
Delaware,2014,4911
Delaware,2015,4480
Delaware,2016,4236
Delaware,2017,4034
Delaware,2018,4472
Delaware,2019,4347
Delaware,2020,3999
Delaware,2021,4164
Delaware,2022,4481
Delaware,2023,3825
Florida,1974,573
Florida,1975,575
Florida,1976,861
Florida,1977,969
Florida,1978,922
Florida,1979,833
Florida,1980,874
Florida,1981,1046
Florida,1982,510
Florida,1983,885
Florida,1984,722
Florida,1985,790
Florida,1986,608
Florida,1987,742
Florida,1988,799
Florida,1989,677
Florida,1990,432
Florida,1991,549
Florida,1992,675
Florida,1993,746
Florida,1994,537
Florida,1995,779
Florida,1996,800
Florida,1997,580
Florida,1998,561
Florida,1999,631
Florida,2000,722
Florida,2001,636
Florida,2002,687
Florida,2003,774
Florida,2004,711
Florida,2005,706
Florida,2006,607
Florida,2007,559
Florida,2008,635
Florida,2009,706
Florida,2010,1279
Florida,2011,615
Florida,2012,547
Florida,2013,546
Florida,2014,722
Florida,2015,484
Florida,2016,561
Florida,2017,451
Florida,2018,593
Florida,2019,497
Florida,2020,493
Florida,2021,505
Florida,2022,526
Florida,2023,431
Georgia,1974,2640
Georgia,1975,2797
Georgia,1976,3366
Georgia,1977,3336
Georgia,1978,3369
Georgia,1979,3212
Georgia,1980,3312
Georgia,1981,3364
Georgia,1982,2806
Georgia,1983,3413
Georgia,1984,2913
Georgia,1985,2910
Georgia,1986,2711
Georgia,1987,3101
Georgia,1988,3265
Georgia,1989,2987
Georgia,1990,2365
Georgia,1991,2678
Georgia,1992,3003
Georgia,1993,3189
Georgia,1994,2776
Georgia,1995,3034
Georgia,1996,3230
Georgia,1997,2925
Georgia,1998,2525
Georgia,1999,2662
Georgia,2000,3059
Georgia,2001,2701
Georgia,2002,2839
Georgia,2003,2931
Georgia,2004,2783
Georgia,2005,2869
Georgia,2006,2657
Georgia,2007,2628
Georgia,2008,2973
Georgia,2009,3004
Georgia,2010,3467
Georgia,2011,2771
Georgia,2012,2341
Georgia,2013,2948
Georgia,2014,3191
Georgia,2015,2573
Georgia,2016,2544
Georgia,2017,2265
Georgia,2018,2798
Georgia,2019,2457
Georgia,2020,2403
Georgia,2021,2502
Georgia,2022,2682
Georgia,2023,2281
Idaho,1974,7103
Idaho,1975,7717
Idaho,1976,7417
Idaho,1977,7170
Idaho,1978,7209
Idaho,1979,7385
Idaho,1980,6960
Idaho,1981,6679
Idaho,1982,7764
Idaho,1983,7058
Idaho,1984,7963
Idaho,1985,8540
Idaho,1986,6805
Idaho,1987,6542
Idaho,1988,6829
Idaho,1989,7348
Idaho,1990,7013
Idaho,1991,7137
Idaho,1992,6439
Idaho,1993,7732
Idaho,1994,6799
Idaho,1995,6770
Idaho,1996,7054
Idaho,1997,6930
Idaho,1998,6727
Idaho,1999,6875
Idaho,2000,6902
Idaho,2001,6851
Idaho,2002,7158
Idaho,2003,6421
Idaho,2004,6736
Idaho,2005,7008
Idaho,2006,6797
Idaho,2007,6706
Idaho,2008,7339
Idaho,2009,7270
Idaho,2010,6933
Idaho,2011,7401
Idaho,2012,6494
Idaho,2013,7187
Idaho,2014,6491
Idaho,2015,6103
Idaho,2016,6429
Idaho,2017,6985
Idaho,2018,6646
Idaho,2019,7132
Idaho,2020,6661
Idaho,2021,6479
Idaho,2022,7280
Idaho,2023,6897
Illinois,1974,6282
Illinois,1975,6252
Illinois,1976,6825
Illinois,1977,6560
Illinois,1978,7132
Illinois,1979,7093
Illinois,1980,6711
Illinois,1981,6295
Illinois,1982,6654
Illinois,1983,6447
Illinois,1984,6340
Illinois,1985,6654
Illinois,1986,6050
Illinois,1987,5665
Illinois,1988,6493
Illinois,1989,6766
Illinois,1990,5617
Illinois,1991,5920
Illinois,1992,6110
Illinois,1993,6587
Illinois,1994,6195
Illinois,1995,6588
Illinois,1996,6893
Illinois,1997,6531
Illinois,1998,5167
Illinois,1999,5824
Illinois,2000,6130
Illinois,2001,5740
Illinois,2002,6002
Illinois,2003,6287
Illinois,2004,5918
Illinois,2005,5931
Illinois,2006,5535
Illinois,2007,5940
Illinois,2008,6652
Illinois,2009,6396
Illinois,2010,6105
Illinois,2011,6043
Illinois,2012,5148
Illinois,2013,6612
Illinois,2014,7164
Illinois,2015,6004
Illinois,2016,5544
Illinois,2017,5543
Illinois,2018,6427
Illinois,2019,6430
Illinois,2020,5774
Illinois,2021,5684
Illinois,2022,6325
Illinois,2023,5315
Indiana,1974,5812
Indiana,1975,5721
Indiana,1976,6260
Indiana,1977,6199
Indiana,1978,6765
Indiana,1979,6549
Indiana,1980,6369
Indiana,1981,6087
Indiana,1982,6067
Indiana,1983,5981
Indiana,1984,5960
Indiana,1985,5964
Indiana,1986,5627
Indiana,1987,5443
Indiana,1988,6154
Indiana,1989,6262
Indiana,1990,5116
Indiana,1991,5334
Indiana,1992,5677
Indiana,1993,6131
Indiana,1994,5786
Indiana,1995,6040
Indiana,1996,6312
Indiana,1997,6084
Indiana,1998,4782
Indiana,1999,5412
Indiana,2000,5810
Indiana,2001,5259
Indiana,2002,5529
Indiana,2003,5913
Indiana,2004,5524
Indiana,2005,5617
Indiana,2006,5147
Indiana,2007,5459
Indiana,2008,6038
Indiana,2009,5822
Indiana,2010,5779
Indiana,2011,5494
Indiana,2012,4832
Indiana,2013,5961
Indiana,2014,6563
Indiana,2015,5605
Indiana,2016,5133
Indiana,2017,4986
Indiana,2018,5801
Indiana,2019,5725
Indiana,2020,5279
Indiana,2021,5273
Indiana,2022,5746
Indiana,2023,4803
Iowa,1974,6981
Iowa,1975,7148
Iowa,1976,7198
Iowa,1977,6976
Iowa,1978,7890
Iowa,1979,7844
Iowa,1980,7085
Iowa,1981,6542
Iowa,1982,7496
Iowa,1983,7268
Iowa,1984,6984
Iowa,1985,7550
Iowa,1986,6747
Iowa,1987,5980
Iowa,1988,7015
Iowa,1989,7373
Iowa,1990,6376
Iowa,1991,6829
Iowa,1992,6686
Iowa,1993,7546
Iowa,1994,6999
Iowa,1995,7271
Iowa,1996,7747
Iowa,1997,7172
Iowa,1998,5983
Iowa,1999,6370
Iowa,2000,6716
Iowa,2001,6531
Iowa,2002,6600
Iowa,2003,6920
Iowa,2004,6545
Iowa,2005,6532
Iowa,2006,6093
Iowa,2007,6744
Iowa,2008,7591
Iowa,2009,7171
Iowa,2010,6960
Iowa,2011,6821
Iowa,2012,5728
Iowa,2013,7407
Iowa,2014,7744
Iowa,2015,6445
Iowa,2016,6089
Iowa,2017,6228
Iowa,2018,7259
Iowa,2019,7348
Iowa,2020,6583
Iowa,2021,6352
Iowa,2022,7209
Iowa,2023,6073
Kansas,1974,5000
Kansas,1975,5203
Kansas,1976,5097
Kansas,1977,4943
Kansas,1978,5849
Kansas,1979,5826
Kansas,1980,5219
Kansas,1981,4662
Kansas,1982,5400
Kansas,1983,5699
Kansas,1984,5181
Kansas,1985,5648
Kansas,1986,4580
Kansas,1987,4660
Kansas,1988,5094
Kansas,1989,5272
Kansas,1990,4645
Kansas,1991,4724
Kansas,1992,4701
Kansas,1993,5674
Kansas,1994,4881
Kansas,1995,5149
Kansas,1996,5455
Kansas,1997,5190
Kansas,1998,4605
Kansas,1999,4458
Kansas,2000,4956
Kansas,2001,4666
Kansas,2002,4957
Kansas,2003,4946
Kansas,2004,4671
Kansas,2005,4689
Kansas,2006,4263
Kansas,2007,4889
Kansas,2008,5313
Kansas,2009,5135
Kansas,2010,5041
Kansas,2011,5060
Kansas,2012,3973
Kansas,2013,5385
Kansas,2014,5334
Kansas,2015,4518
Kansas,2016,4223
Kansas,2017,4263
Kansas,2018,5239
Kansas,2019,5277
Kansas,2020,4657
Kansas,2021,4532
Kansas,2022,5040
Kansas,2023,4380
Kentucky,1974,4361
Kentucky,1975,4490
Kentucky,1976,5084
Kentucky,1977,5027
Kentucky,1978,5411
Kentucky,1979,5142
Kentucky,1980,5110
Kentucky,1981,4960
Kentucky,1982,4540
Kentucky,1983,4906
Kentucky,1984,4623
Kentucky,1985,4697
Kentucky,1986,4350
Kentucky,1987,4453
Kentucky,1988,4959
Kentucky,1989,4893
Kentucky,1990,3894
Kentucky,1991,4141
Kentucky,1992,4497
Kentucky,1993,4850
Kentucky,1994,4548
Kentucky,1995,4759
Kentucky,1996,4901
Kentucky,1997,4798
Kentucky,1998,3857
Kentucky,1999,4144
Kentucky,2000,4579
Kentucky,2001,4219
Kentucky,2002,4371
Kentucky,2003,4597
Kentucky,2004,4238
Kentucky,2005,4386
Kentucky,2006,4131
Kentucky,2007,4148
Kentucky,2008,4689
Kentucky,2009,4552
Kentucky,2010,4827
Kentucky,2011,4257
Kentucky,2012,3790
Kentucky,2013,4698
Kentucky,2014,5017
Kentucky,2015,4303
Kentucky,2016,4075
Kentucky,2017,3802
Kentucky,2018,4466
Kentucky,2019,4190
Kentucky,2020,4078
Kentucky,2021,4165
Kentucky,2022,4474
Kentucky,2023,3675
Louisiana,1974,1538
Louisiana,1975,1671
Louisiana,1976,2107
Louisiana,1977,2045
Louisiana,1978,2285
Louisiana,1979,2216
Louisiana,1980,2026
Louisiana,1981,1940
Louisiana,1982,1611
Louisiana,1983,2207
Louisiana,1984,1717
Louisiana,1985,1906
Louisiana,1986,1641
Louisiana,1987,1845
Louisiana,1988,1894
Louisiana,1989,1879
Louisiana,1990,1387
Louisiana,1991,1655
Louisiana,1992,1723
Louisiana,1993,1945
Louisiana,1994,1628
Louisiana,1995,1730
Louisiana,1996,1794
Louisiana,1997,1821
Louisiana,1998,1510
Louisiana,1999,1458
Louisiana,2000,1725
Louisiana,2001,1652
Louisiana,2002,1793
Louisiana,2003,1849
Louisiana,2004,1647
Louisiana,2005,1576
Louisiana,2006,1486
Louisiana,2007,1557
Louisiana,2008,1669
Louisiana,2009,1675
Louisiana,2010,2209
Louisiana,2011,1685
Louisiana,2012,1276
Louisiana,2013,1807
Louisiana,2014,2088
Louisiana,2015,1516
Louisiana,2016,1367
Louisiana,2017,1166
Louisiana,2018,1681
Louisiana,2019,1584
Louisiana,2020,1336
Louisiana,2021,1510
Louisiana,2022,1686
Louisiana,2023,1247
Maine,1974,8400
Maine,1975,8090
Maine,1976,8443
Maine,1977,8165
Maine,1978,8587
Maine,1979,7753
Maine,1980,8483
Maine,1981,7806
Maine,1982,8321
Maine,1983,7654
Maine,1984,7927
Maine,1985,8329
Maine,1986,8208
Maine,1987,8033
Maine,1988,8084
Maine,1989,8570
Maine,1990,7486
Maine,1991,7664
Maine,1992,8363
Maine,1993,8332
Maine,1994,8210
Maine,1995,8076
Maine,1996,8052
Maine,1997,8324
Maine,1998,7164
Maine,1999,7141
Maine,2000,7947
Maine,2001,7548
Maine,2002,7749
Maine,2003,8250
Maine,2004,8170
Maine,2005,7843
Maine,2006,7028
Maine,2007,8030
Maine,2008,7780
Maine,2009,8058
Maine,2010,6885
Maine,2011,7454
Maine,2012,7073
Maine,2013,7742
Maine,2014,7954
Maine,2015,8023
Maine,2016,7268
Maine,2017,7499
Maine,2018,7835
Maine,2019,8097
Maine,2020,7184
Maine,2021,6959
Maine,2022,7238
Maine,2023,6907
Maryland,1974,4665
Maryland,1975,4701
Maryland,1976,5106
Maryland,1977,5010
Maryland,1978,5401
Maryland,1979,5048
Maryland,1980,5177
Maryland,1981,5131
Maryland,1982,4917
Maryland,1983,4939
Maryland,1984,4833
Maryland,1985,4587
Maryland,1986,4789
Maryland,1987,4846
Maryland,1988,5164
Maryland,1989,5108
Maryland,1990,3927
Maryland,1991,4262
Maryland,1992,4895
Maryland,1993,4990
Maryland,1994,4840
Maryland,1995,4912
Maryland,1996,5128
Maryland,1997,4780
Maryland,1998,3961
Maryland,1999,4462
Maryland,2000,4757
Maryland,2001,4417
Maryland,2002,4383
Maryland,2003,4971
Maryland,2004,4630
Maryland,2005,4760
Maryland,2006,4101
Maryland,2007,4529
Maryland,2008,4538
Maryland,2009,4728
Maryland,2010,4624
Maryland,2011,4344
Maryland,2012,3946
Maryland,2013,4706
Maryland,2014,5079
Maryland,2015,4609
Maryland,2016,4363
Maryland,2017,4104
Maryland,2018,4647
Maryland,2019,4409
Maryland,2020,4021
Maryland,2021,4159
Maryland,2022,4517
Maryland,2023,3826
Massachusetts,1974,6585
Massachusetts,1975,6322
Massachusetts,1976,6785
Massachusetts,1977,6571
Massachusetts,1978,7064
Massachusetts,1979,6318
Massachusetts,1980,6854
Massachusetts,1981,6631
Massachusetts,1982,6650
Massachusetts,1983,6238
Massachusetts,1984,6378
Massachusetts,1985,6525
Massachusetts,1986,6464
Massachusetts,1987,6514
Massachusetts,1988,6692
Massachusetts,1989,6801
Massachusetts,1990,5758
Massachusetts,1991,5826
Massachusetts,1992,6750
Massachusetts,1993,6587
Massachusetts,1994,6515
Massachusetts,1995,6452
Massachusetts,1996,6532
Massachusetts,1997,6493
Massachusetts,1998,5556
Massachusetts,1999,5836
Massachusetts,2000,6361
Massachusetts,2001,5961
Massachusetts,2002,5959
Massachusetts,2003,6732
Massachusetts,2004,6447
Massachusetts,2005,6415
Massachusetts,2006,5657
Massachusetts,2007,6264
Massachusetts,2008,6182
Massachusetts,2009,6380
Massachusetts,2010,5722
Massachusetts,2011,5861
Massachusetts,2012,5296
Massachusetts,2013,6168
Massachusetts,2014,6398
Massachusetts,2015,6268
Massachusetts,2016,5711
Massachusetts,2017,5796
Massachusetts,2018,6061
Massachusetts,2019,6245
Massachusetts,2020,5535
Massachusetts,2021,5515
Massachusetts,2022,5708
Massachusetts,2023,5262
Michigan,1974,7225
Michigan,1975,6949
Michigan,1976,7593
Michigan,1977,7176
Michigan,1978,7741
Michigan,1979,7511
Michigan,1980,7579
Michigan,1981,7216
Michigan,1982,7246
Michigan,1983,7078
Michigan,1984,7119
Michigan,1985,7117
Michigan,1986,6911
Michigan,1987,6426
Michigan,1988,7154
Michigan,1989,7514
Michigan,1990,6396
Michigan,1991,6505
Michigan,1992,7124
Michigan,1993,7362
Michigan,1994,7110
Michigan,1995,7253
Michigan,1996,7502
Michigan,1997,7248
Michigan,1998,5766
Michigan,1999,6505
Michigan,2000,6777
Michigan,2001,6272
Michigan,2002,6657
Michigan,2003,7132
Michigan,2004,6774
Michigan,2005,6793
Michigan,2006,6159
Michigan,2007,6554
Michigan,2008,7073
Michigan,2009,7029
Michigan,2010,6401
Michigan,2011,6727
Michigan,2012,5774
Michigan,2013,7009
Michigan,2014,7670
Michigan,2015,6713
Michigan,2016,6156
Michigan,2017,6225
Michigan,2018,6854
Michigan,2019,6963
Michigan,2020,6276
Michigan,2021,6079
Michigan,2022,6708
Michigan,2023,5883
Minnesota,1974,9007
Minnesota,1975,9139
Minnesota,1976,9133
Minnesota,1977,8756
Minnesota,1978,9437
Minnesota,1979,9754
Minnesota,1980,8931
Minnesota,1981,8271
Minnesota,1982,9388
Minnesota,1983,8905
Minnesota,1984,8752
Minnesota,1985,9426
Minnesota,1986,8567
Minnesota,1987,7399
Minnesota,1988,8882
Minnesota,1989,9457
Minnesota,1990,8201
Minnesota,1991,8634
Minnesota,1992,8554
Minnesota,1993,9347
Minnesota,1994,8736
Minnesota,1995,9077
Minnesota,1996,9865
Minnesota,1997,8876
Minnesota,1998,7412
Minnesota,1999,7868
Minnesota,2000,8447
Minnesota,2001,8100
Minnesota,2002,8478
Minnesota,2003,8601
Minnesota,2004,8447
Minnesota,2005,8127
Minnesota,2006,7651
Minnesota,2007,8298
Minnesota,2008,9272
Minnesota,2009,8920
Minnesota,2010,8191
Minnesota,2011,8472
Minnesota,2012,7387
Minnesota,2013,9372
Minnesota,2014,9627
Minnesota,2015,7889
Minnesota,2016,7594
Minnesota,2017,8145
Minnesota,2018,9008
Minnesota,2019,9326
Minnesota,2020,8310
Minnesota,2021,7826
Minnesota,2022,9123
Minnesota,2023,7820
Mississippi,1974,2274
Mississippi,1975,2406
Mississippi,1976,2899
Mississippi,1977,2822
Mississippi,1978,3052
Mississippi,1979,2987
Mississippi,1980,2860
Mississippi,1981,2704
Mississippi,1982,2354
Mississippi,1983,2985
Mississippi,1984,2446
Mississippi,1985,2656
Mississippi,1986,2351
Mississippi,1987,2531
Mississippi,1988,2728
Mississippi,1989,2646
Mississippi,1990,2025
Mississippi,1991,2334
Mississippi,1992,2486
Mississippi,1993,2746
Mississippi,1994,2354
Mississippi,1995,2525
Mississippi,1996,2604
Mississippi,1997,2589
Mississippi,1998,2139
Mississippi,1999,2144
Mississippi,2000,2524
Mississippi,2001,2386
Mississippi,2002,2498
Mississippi,2003,2571
Mississippi,2004,2339
Mississippi,2005,2344
Mississippi,2006,2237
Mississippi,2007,2223
Mississippi,2008,2520
Mississippi,2009,2477
Mississippi,2010,2971
Mississippi,2011,2409
Mississippi,2012,1957
Mississippi,2013,2602
Mississippi,2014,2877
Mississippi,2015,2165
Mississippi,2016,2091
Mississippi,2017,1818
Mississippi,2018,2469
Mississippi,2019,2276
Mississippi,2020,1983
Mississippi,2021,2162
Mississippi,2022,2355
Mississippi,2023,1841
Missouri,1974,5040
Missouri,1975,5130
Missouri,1976,5369
Missouri,1977,5312
Missouri,1978,5981
Missouri,1979,5941
Missouri,1980,5440
Missouri,1981,4991
Missouri,1982,5425
Missouri,1983,5569
Missouri,1984,5177
Missouri,1985,5627
Missouri,1986,4833
Missouri,1987,4688
Missouri,1988,5292
Missouri,1989,5479
Missouri,1990,4560
Missouri,1991,4814
Missouri,1992,4833
Missouri,1993,5680
Missouri,1994,5005
Missouri,1995,5327
Missouri,1996,5633
Missouri,1997,5365
Missouri,1998,4482
Missouri,1999,4568
Missouri,2000,5072
Missouri,2001,4772
Missouri,2002,5016
Missouri,2003,5127
Missouri,2004,4813
Missouri,2005,4782
Missouri,2006,4446
Missouri,2007,4845
Missouri,2008,5462
Missouri,2009,5183
Missouri,2010,5244
Missouri,2011,4998
Missouri,2012,4079
Missouri,2013,5461
Missouri,2014,5700
Missouri,2015,4728
Missouri,2016,4399
Missouri,2017,4291
Missouri,2018,5320
Missouri,2019,5182
Missouri,2020,4765
Missouri,2021,4645
Missouri,2022,5216
Missouri,2023,4280
Montana,1974,8640
Montana,1975,9703
Montana,1976,8614
Montana,1977,8910
Montana,1978,9630
Montana,1979,9291
Montana,1980,8741
Montana,1981,8202
Montana,1982,9640
Montana,1983,8910
Montana,1984,9027
Montana,1985,9814
Montana,1986,8420
Montana,1987,8018
Montana,1988,8196
Montana,1989,9119
Montana,1990,8601
Montana,1991,8607
Montana,1992,8171
Montana,1993,9448
Montana,1994,8421
Montana,1995,8784
Montana,1996,9544
Montana,1997,8774
Montana,1998,8276
Montana,1999,8112
Montana,2000,8651
Montana,2001,8270
Montana,2002,8989
Montana,2003,8327
Montana,2004,8312
Montana,2005,8455
Montana,2006,8106
Montana,2007,8199
Montana,2008,8959
Montana,2009,8948
Montana,2010,8712
Montana,2011,8868
Montana,2012,8008
Montana,2013,8569
Montana,2014,8613
Montana,2015,7708
Montana,2016,7890
Montana,2017,8448
Montana,2018,8739
Montana,2019,9290
Montana,2020,8300
Montana,2021,8203
Montana,2022,8821
Montana,2023,8189
Nebraska,1974,6334
Nebraska,1975,6854
Nebraska,1976,6474
Nebraska,1977,6276
Nebraska,1978,7547
Nebraska,1979,7337
Nebraska,1980,6492
Nebraska,1981,5934
Nebraska,1982,7072
Nebraska,1983,7072
Nebraska,1984,6653
Nebraska,1985,7030
Nebraska,1986,5975
Nebraska,1987,5682
Nebraska,1988,6340
Nebraska,1989,6707
Nebraska,1990,6007
Nebraska,1991,6176
Nebraska,1992,6041
Nebraska,1993,7203
Nebraska,1994,6373
Nebraska,1995,6577
Nebraska,1996,7178
Nebraska,1997,6551
Nebraska,1998,5876
Nebraska,1999,5729
Nebraska,2000,6214
Nebraska,2001,5999
Nebraska,2002,6259
Nebraska,2003,6245
Nebraska,2004,6000
Nebraska,2005,5924
Nebraska,2006,5647
Nebraska,2007,6251
Nebraska,2008,6896
Nebraska,2009,6686
Nebraska,2010,6473
Nebraska,2011,6497
Nebraska,2012,5356
Nebraska,2013,6718
Nebraska,2014,6694
Nebraska,2015,5780
Nebraska,2016,5557
Nebraska,2017,5807
Nebraska,2018,6816
Nebraska,2019,6863
Nebraska,2020,6049
Nebraska,2021,5825
Nebraska,2022,6403
Nebraska,2023,5845
Nevada,1974,3764
Nevada,1975,4031
Nevada,1976,3659
Nevada,1977,3551
Nevada,1978,3722
Nevada,1979,3858
Nevada,1980,3401
Nevada,1981,3240
Nevada,1982,4066
Nevada,1983,3708
Nevada,1984,3872
Nevada,1985,3935
Nevada,1986,3197
Nevada,1987,3660
Nevada,1988,3542
Nevada,1989,3455
Nevada,1990,3726
Nevada,1991,3695
Nevada,1992,3513
Nevada,1993,3806
Nevada,1994,3658
Nevada,1995,3248
Nevada,1996,3263
Nevada,1997,3423
Nevada,1998,3901
Nevada,1999,3350
Nevada,2000,3376
Nevada,2001,3460
Nevada,2002,3532
Nevada,2003,3342
Nevada,2004,3486
Nevada,2005,3462
Nevada,2006,3568
Nevada,2007,3396
Nevada,2008,3589
Nevada,2009,3588
Nevada,2010,3654
Nevada,2011,3823
Nevada,2012,3196
Nevada,2013,3631
Nevada,2014,2912
Nevada,2015,3076
Nevada,2016,3185
Nevada,2017,3101
Nevada,2018,3290
Nevada,2019,3770
Nevada,2020,3274
Nevada,2021,3284
Nevada,2022,3502
Nevada,2023,3702
New Hampshire,1974,7969
New Hampshire,1975,7709
New Hampshire,1976,8230
New Hampshire,1977,7828
New Hampshire,1978,8376
New Hampshire,1979,7599
New Hampshire,1980,8236
New Hampshire,1981,7731
New Hampshire,1982,8056
New Hampshire,1983,7494
New Hampshire,1984,7650
New Hampshire,1985,7922
New Hampshire,1986,7799
New Hampshire,1987,7746
New Hampshire,1988,7967
New Hampshire,1989,8185
New Hampshire,1990,7108
New Hampshire,1991,7211
New Hampshire,1992,8093
New Hampshire,1993,7937
New Hampshire,1994,7934
New Hampshire,1995,7749
New Hampshire,1996,7800
New Hampshire,1997,7958
New Hampshire,1998,6748
New Hampshire,1999,7060
New Hampshire,2000,7688
New Hampshire,2001,7273
New Hampshire,2002,7285
New Hampshire,2003,8041
New Hampshire,2004,7716
New Hampshire,2005,7597
New Hampshire,2006,6864
New Hampshire,2007,7671
New Hampshire,2008,7534
New Hampshire,2009,7761
New Hampshire,2010,6831
New Hampshire,2011,7185
New Hampshire,2012,6587
New Hampshire,2013,7470
New Hampshire,2014,7795
New Hampshire,2015,7599
New Hampshire,2016,6921
New Hampshire,2017,7100
New Hampshire,2018,7426
New Hampshire,2019,7725
New Hampshire,2020,6906
New Hampshire,2021,6788
New Hampshire,2022,7065
New Hampshire,2023,6493
New Jersey,1974,5469
New Jersey,1975,5289
New Jersey,1976,5873
New Jersey,1977,5677
New Jersey,1978,6122
New Jersey,1979,5577
New Jersey,1980,5863
New Jersey,1981,5769
New Jersey,1982,5634
New Jersey,1983,5469
New Jersey,1984,5503
New Jersey,1985,5361
New Jersey,1986,5429
New Jersey,1987,5500
New Jersey,1988,5854
New Jersey,1989,5785
New Jersey,1990,4686
New Jersey,1991,4891
New Jersey,1992,5672
New Jersey,1993,5606
New Jersey,1994,5593
New Jersey,1995,5526
New Jersey,1996,5684
New Jersey,1997,5476
New Jersey,1998,4545
New Jersey,1999,5061
New Jersey,2000,5411
New Jersey,2001,5034
New Jersey,2002,4975
New Jersey,2003,5700
New Jersey,2004,5288
New Jersey,2005,5401
New Jersey,2006,4625
New Jersey,2007,5154
New Jersey,2008,5162
New Jersey,2009,5301
New Jersey,2010,5018
New Jersey,2011,4889
New Jersey,2012,4450
New Jersey,2013,5259
New Jersey,2014,5630
New Jersey,2015,5185
New Jersey,2016,4842
New Jersey,2017,4777
New Jersey,2018,5192
New Jersey,2019,5090
New Jersey,2020,4615
New Jersey,2021,4757
New Jersey,2022,5082
New Jersey,2023,4447
New Mexico,1974,4890
New Mexico,1975,5258
New Mexico,1976,5143
New Mexico,1977,4743
New Mexico,1978,4737
New Mexico,1979,5127
New Mexico,1980,4780
New Mexico,1981,4400
New Mexico,1982,4951
New Mexico,1983,4995
New Mexico,1984,4992
New Mexico,1985,4843
New Mexico,1986,4562
New Mexico,1987,5102
New Mexico,1988,4880
New Mexico,1989,4473
New Mexico,1990,4778
New Mexico,1991,4881
New Mexico,1992,4923
New Mexico,1993,4737
New Mexico,1994,4565
New Mexico,1995,4369
New Mexico,1996,4364
New Mexico,1997,4884
New Mexico,1998,4595
New Mexico,1999,4324
New Mexico,2000,4336
New Mexico,2001,4489
New Mexico,2002,4569
New Mexico,2003,4198
New Mexico,2004,4613
New Mexico,2005,4339
New Mexico,2006,4366
New Mexico,2007,4529
New Mexico,2008,4625
New Mexico,2009,4468
New Mexico,2010,4597
New Mexico,2011,4652
New Mexico,2012,4112
New Mexico,2013,4793
New Mexico,2014,4293
New Mexico,2015,4332
New Mexico,2016,4134
New Mexico,2017,3779
New Mexico,2018,4264
New Mexico,2019,4575
New Mexico,2020,4166
New Mexico,2021,4187
New Mexico,2022,4584
New Mexico,2023,4387
New York,1974,6451
New York,1975,6138
New York,1976,6767
New York,1977,6457
New York,1978,6948
New York,1979,6382
New York,1980,6750
New York,1981,6504
New York,1982,6474
New York,1983,6211
New York,1984,6271
New York,1985,6281
New York,1986,6221
New York,1987,6215
New York,1988,6527
New York,1989,6650
New York,1990,5538
New York,1991,5646
New York,1992,6546
New York,1993,6517
New York,1994,6477
New York,1995,6311
New York,1996,6492
New York,1997,6365
New York,1998,5334
New York,1999,5808
New York,2000,6292
New York,2001,5767
New York,2002,5792
New York,2003,6551
New York,2004,6222
New York,2005,6222
New York,2006,5463
New York,2007,6063
New York,2008,6020
New York,2009,6216
New York,2010,5719
New York,2011,5743
New York,2012,5158
New York,2013,6081
New York,2014,6379
New York,2015,6060
New York,2016,5540
New York,2017,5605
New York,2018,6038
New York,2019,6125
New York,2020,5476
New York,2021,5517
New York,2022,5849
New York,2023,5222
North Carolina,1974,3235
North Carolina,1975,3361
North Carolina,1976,3807
North Carolina,1977,3849
North Carolina,1978,4000
North Carolina,1979,3737
North Carolina,1980,3938
North Carolina,1981,4033
North Carolina,1982,3528
North Carolina,1983,3883
North Carolina,1984,3495
North Carolina,1985,3377
North Carolina,1986,3335
North Carolina,1987,3804
North Carolina,1988,3993
North Carolina,1989,3688
North Carolina,1990,2763
North Carolina,1991,3149
North Carolina,1992,3546
North Carolina,1993,3718
North Carolina,1994,3370
North Carolina,1995,3670
North Carolina,1996,3823
North Carolina,1997,3583
North Carolina,1998,3037
North Carolina,1999,3213
North Carolina,2000,3660
North Carolina,2001,3208
North Carolina,2002,3326
North Carolina,2003,3520
North Carolina,2004,3397
North Carolina,2005,3461
North Carolina,2006,3135
North Carolina,2007,3116
North Carolina,2008,3415
North Carolina,2009,3530
North Carolina,2010,3882
North Carolina,2011,3237
North Carolina,2012,2955
North Carolina,2013,3533
North Carolina,2014,3716
North Carolina,2015,3150
North Carolina,2016,3154
North Carolina,2017,2896
North Carolina,2018,3405
North Carolina,2019,3064
North Carolina,2020,2904
North Carolina,2021,3104
North Carolina,2022,3286
North Carolina,2023,2848
North Dakota,1974,9575
North Dakota,1975,9690
North Dakota,1976,9214
North Dakota,1977,9187
North Dakota,1978,10178
North Dakota,1979,10513
North Dakota,1980,9135
North Dakota,1981,8386
North Dakota,1982,10206
North Dakota,1983,9307
North Dakota,1984,9232
North Dakota,1985,10018
North Dakota,1986,8871
North Dakota,1987,7783
North Dakota,1988,9016
North Dakota,1989,9869
North Dakota,1990,8627
North Dakota,1991,8824
North Dakota,1992,8916
North Dakota,1993,9908
North Dakota,1994,9443
North Dakota,1995,9714
North Dakota,1996,10791
North Dakota,1997,9376
North Dakota,1998,8449
North Dakota,1999,8434
North Dakota,2000,9128
North Dakota,2001,8749
North Dakota,2002,9242
North Dakota,2003,9312
North Dakota,2004,9178
North Dakota,2005,8688
North Dakota,2006,8278
North Dakota,2007,8991
North Dakota,2008,9782
North Dakota,2009,9959
North Dakota,2010,9145
North Dakota,2011,9288
North Dakota,2012,8172
North Dakota,2013,10045
North Dakota,2014,9812
North Dakota,2015,8350
North Dakota,2016,8003
North Dakota,2017,8828
North Dakota,2018,9658
North Dakota,2019,10201
North Dakota,2020,8860
North Dakota,2021,8373
North Dakota,2022,9856
North Dakota,2023,8915
Ohio,1974,5937
Ohio,1975,5839
Ohio,1976,6464
Ohio,1977,6312
Ohio,1978,6839
Ohio,1979,6462
Ohio,1980,6551
Ohio,1981,6311
Ohio,1982,6012
Ohio,1983,5999
Ohio,1984,6069
Ohio,1985,5982
Ohio,1986,5655
Ohio,1987,5564
Ohio,1988,6245
Ohio,1989,6346
Ohio,1990,5134
Ohio,1991,5335
Ohio,1992,5879
Ohio,1993,6111
Ohio,1994,5999
Ohio,1995,6220
Ohio,1996,6314
Ohio,1997,6070
Ohio,1998,4853
Ohio,1999,5533
Ohio,2000,5861
Ohio,2001,5337
Ohio,2002,5553
Ohio,2003,6044
Ohio,2004,5689
Ohio,2005,5848
Ohio,2006,5229
Ohio,2007,5550
Ohio,2008,5997
Ohio,2009,5907
Ohio,2010,5867
Ohio,2011,5559
Ohio,2012,4985
Ohio,2013,5903
Ohio,2014,6450
Ohio,2015,5674
Ohio,2016,5238
Ohio,2017,5072
Ohio,2018,5765
Ohio,2019,5571
Ohio,2020,5250
Ohio,2021,5213
Ohio,2022,5698
Ohio,2023,4880
Oklahoma,1974,3573
Oklahoma,1975,3799
Oklahoma,1976,3807
Oklahoma,1977,3658
Oklahoma,1978,4418
Oklahoma,1979,4384
Oklahoma,1980,3852
Oklahoma,1981,3510
Oklahoma,1982,3844
Oklahoma,1983,4298
Oklahoma,1984,3771
Oklahoma,1985,4112
Oklahoma,1986,3429
Oklahoma,1987,3655
Oklahoma,1988,3865
Oklahoma,1989,3975
Oklahoma,1990,3360
Oklahoma,1991,3502
Oklahoma,1992,3394
Oklahoma,1993,4170
Oklahoma,1994,3610
Oklahoma,1995,3628
Oklahoma,1996,3888
Oklahoma,1997,3830
Oklahoma,1998,3382
Oklahoma,1999,3082
Oklahoma,2000,3703
Oklahoma,2001,3494
Oklahoma,2002,3748
Oklahoma,2003,3613
Oklahoma,2004,3343
Oklahoma,2005,3358
Oklahoma,2006,3018
Oklahoma,2007,3541
Oklahoma,2008,3675
Oklahoma,2009,3681
Oklahoma,2010,3777
Oklahoma,2011,3595
Oklahoma,2012,2868
Oklahoma,2013,4000
Oklahoma,2014,3949
Oklahoma,2015,3414
Oklahoma,2016,3039
Oklahoma,2017,2922
Oklahoma,2018,3827
Oklahoma,2019,3742
Oklahoma,2020,3264
Oklahoma,2021,3346
Oklahoma,2022,3669
Oklahoma,2023,3166
Oregon,1974,5546
Oregon,1975,5832
Oregon,1976,5723
Oregon,1977,5601
Oregon,1978,5570
Oregon,1979,5465
Oregon,1980,5538
Oregon,1981,5287
Oregon,1982,5884
Oregon,1983,5440
Oregon,1984,5793
Oregon,1985,6232
Oregon,1986,5169
Oregon,1987,5026
Oregon,1988,5306
Oregon,1989,5532
Oregon,1990,5514
Oregon,1991,5370
Oregon,1992,4647
Oregon,1993,5702
Oregon,1994,5336
Oregon,1995,5002
Oregon,1996,5390
Oregon,1997,5232
Oregon,1998,5282
Oregon,1999,5471
Oregon,2000,5468
Oregon,2001,5365
Oregon,2002,5326
Oregon,2003,5013
Oregon,2004,5018
Oregon,2005,5261
Oregon,2006,5272
Oregon,2007,5494
Oregon,2008,5730
Oregon,2009,5567
Oregon,2010,5399
Oregon,2011,5857
Oregon,2012,5425
Oregon,2013,5419
Oregon,2014,4740
Oregon,2015,4495
Oregon,2016,4883
Oregon,2017,5370
Oregon,2018,5057
Oregon,2019,5426
Oregon,2020,5042
Oregon,2021,5068
Oregon,2022,5291
Oregon,2023,5178
Pennsylvania,1974,5945
Pennsylvania,1975,5856
Pennsylvania,1976,6425
Pennsylvania,1977,6216
Pennsylvania,1978,6654
Pennsylvania,1979,6201
Pennsylvania,1980,6411
Pennsylvania,1981,6310
Pennsylvania,1982,6080
Pennsylvania,1983,6021
Pennsylvania,1984,6029
Pennsylvania,1985,5851
Pennsylvania,1986,5883
Pennsylvania,1987,5878
Pennsylvania,1988,6298
Pennsylvania,1989,6323
Pennsylvania,1990,5151
Pennsylvania,1991,5392
Pennsylvania,1992,6124
Pennsylvania,1993,6115
Pennsylvania,1994,6165
Pennsylvania,1995,6094
Pennsylvania,1996,6263
Pennsylvania,1997,6032
Pennsylvania,1998,4930
Pennsylvania,1999,5577
Pennsylvania,2000,5909
Pennsylvania,2001,5508
Pennsylvania,2002,5531
Pennsylvania,2003,6150
Pennsylvania,2004,5759
Pennsylvania,2005,5873
Pennsylvania,2006,5190
Pennsylvania,2007,5661
Pennsylvania,2008,5800
Pennsylvania,2009,5864
Pennsylvania,2010,5625
Pennsylvania,2011,5458
Pennsylvania,2012,5011
Pennsylvania,2013,5832
Pennsylvania,2014,6290
Pennsylvania,2015,5705
Pennsylvania,2016,5375
Pennsylvania,2017,5253
Pennsylvania,2018,5760
Pennsylvania,2019,5590
Pennsylvania,2020,5186
Pennsylvania,2021,5231
Pennsylvania,2022,5707
Pennsylvania,2023,4939
Rhode Island,1974,6177
Rhode Island,1975,5932
Rhode Island,1976,6458
Rhode Island,1977,6184
Rhode Island,1978,6729
Rhode Island,1979,5954
Rhode Island,1980,6466
Rhode Island,1981,6320
Rhode Island,1982,6274
Rhode Island,1983,5920
Rhode Island,1984,5995
Rhode Island,1985,6130
Rhode Island,1986,6108
Rhode Island,1987,6149
Rhode Island,1988,6336
Rhode Island,1989,6429
Rhode Island,1990,5382
Rhode Island,1991,5475
Rhode Island,1992,6326
Rhode Island,1993,6195
Rhode Island,1994,6143
Rhode Island,1995,6003
Rhode Island,1996,6186
Rhode Island,1997,6082
Rhode Island,1998,5237
Rhode Island,1999,5466
Rhode Island,2000,6003
Rhode Island,2001,5570
Rhode Island,2002,5603
Rhode Island,2003,6347
Rhode Island,2004,6113
Rhode Island,2005,6092
Rhode Island,2006,5320
Rhode Island,2007,5869
Rhode Island,2008,5735
Rhode Island,2009,5961
Rhode Island,2010,5434
Rhode Island,2011,5479
Rhode Island,2012,5005
Rhode Island,2013,5827
Rhode Island,2014,6021
Rhode Island,2015,5880
Rhode Island,2016,5354
Rhode Island,2017,5428
Rhode Island,2018,5639
Rhode Island,2019,5841
Rhode Island,2020,5184
Rhode Island,2021,5220
Rhode Island,2022,5413
Rhode Island,2023,5020
South Carolina,1974,2398
South Carolina,1975,2529
South Carolina,1976,2995
South Carolina,1977,3048
South Carolina,1978,3126
South Carolina,1979,2929
South Carolina,1980,3129
South Carolina,1981,3182
South Carolina,1982,2623
South Carolina,1983,3147
South Carolina,1984,2676
South Carolina,1985,2626
South Carolina,1986,2490
South Carolina,1987,2942
South Carolina,1988,3103
South Carolina,1989,2753
South Carolina,1990,2053
South Carolina,1991,2442
South Carolina,1992,2746
South Carolina,1993,2930
South Carolina,1994,2536
South Carolina,1995,2832
South Carolina,1996,2971
South Carolina,1997,2685
South Carolina,1998,2311
South Carolina,1999,2472
South Carolina,2000,2918
South Carolina,2001,2427
South Carolina,2002,2591
South Carolina,2003,2744
South Carolina,2004,2643
South Carolina,2005,2684
South Carolina,2006,2388
South Carolina,2007,2350
South Carolina,2008,2659
South Carolina,2009,2767
South Carolina,2010,3211
South Carolina,2011,2515
South Carolina,2012,2189
South Carolina,2013,2708
South Carolina,2014,2938
South Carolina,2015,2366
South Carolina,2016,2391
South Carolina,2017,2089
South Carolina,2018,2612
South Carolina,2019,2336
South Carolina,2020,2164
South Carolina,2021,2373
South Carolina,2022,2502
South Carolina,2023,2141
South Dakota,1974,7559
South Dakota,1975,8222
South Dakota,1976,7709
South Dakota,1977,7735
South Dakota,1978,8835
South Dakota,1979,8670
South Dakota,1980,7586
South Dakota,1981,6976
South Dakota,1982,8452
South Dakota,1983,8151
South Dakota,1984,7908
South Dakota,1985,8487
South Dakota,1986,7453
South Dakota,1987,6660
South Dakota,1988,7635
South Dakota,1989,8150
South Dakota,1990,7214
South Dakota,1991,7362
South Dakota,1992,7397
South Dakota,1993,8531
South Dakota,1994,7802
South Dakota,1995,8007
South Dakota,1996,8896
South Dakota,1997,7969
South Dakota,1998,7067
South Dakota,1999,6865
South Dakota,2000,7563
South Dakota,2001,7458
South Dakota,2002,7605
South Dakota,2003,7529
South Dakota,2004,7187
South Dakota,2005,7158
South Dakota,2006,6917
South Dakota,2007,7421
South Dakota,2008,8267
South Dakota,2009,8099
South Dakota,2010,7737
South Dakota,2011,7885
South Dakota,2012,6568
South Dakota,2013,8285
South Dakota,2014,8178
South Dakota,2015,7002
South Dakota,2016,6806
South Dakota,2017,7218
South Dakota,2018,8202
South Dakota,2019,8627
South Dakota,2020,7376
South Dakota,2021,7036
South Dakota,2022,7954
South Dakota,2023,7353
Tennessee,1974,3669
Tennessee,1975,3821
Tennessee,1976,4387
Tennessee,1977,4298
Tennessee,1978,4554
Tennessee,1979,4386
Tennessee,1980,4342
Tennessee,1981,4265
Tennessee,1982,3864
Tennessee,1983,4342
Tennessee,1984,3900
Tennessee,1985,4048
Tennessee,1986,3711
Tennessee,1987,3881
Tennessee,1988,4304
Tennessee,1989,4152
Tennessee,1990,3308
Tennessee,1991,3564
Tennessee,1992,3899
Tennessee,1993,4172
Tennessee,1994,3808
Tennessee,1995,4053
Tennessee,1996,4233
Tennessee,1997,4048
Tennessee,1998,3347
Tennessee,1999,3494
Tennessee,2000,3931
Tennessee,2001,3696
Tennessee,2002,3782
Tennessee,2003,3906
Tennessee,2004,3600
Tennessee,2005,3717
Tennessee,2006,3566
Tennessee,2007,3497
Tennessee,2008,3972
Tennessee,2009,3907
Tennessee,2010,4294
Tennessee,2011,3673
Tennessee,2012,3190
Tennessee,2013,4040
Tennessee,2014,4284
Tennessee,2015,3569
Tennessee,2016,3437
Tennessee,2017,3167
Tennessee,2018,3844
Tennessee,2019,3483
Tennessee,2020,3432
Tennessee,2021,3503
Tennessee,2022,3820
Tennessee,2023,3154
Texas,1974,1915
Texas,1975,1968
Texas,1976,2252
Texas,1977,2102
Texas,1978,2524
Texas,1979,2445
Texas,1980,2129
Texas,1981,1914
Texas,1982,1998
Texas,1983,2394
Texas,1984,1919
Texas,1985,2215
Texas,1986,1818
Texas,1987,2061
Texas,1988,2040
Texas,1989,2158
Texas,1990,1701
Texas,1991,1934
Texas,1992,1875
Texas,1993,2137
Texas,1994,1793
Texas,1995,1806
Texas,1996,1915
Texas,1997,2148
Texas,1998,1728
Texas,1999,1506
Texas,2000,1807
Texas,2001,1905
Texas,2002,2004
Texas,2003,1895
Texas,2004,1774
Texas,2005,1707
Texas,2006,1520
Texas,2007,1855
Texas,2008,1795
Texas,2009,1846
Texas,2010,2149
Texas,2011,1827
Texas,2012,1411
Texas,2013,2014
Texas,2014,2088
Texas,2015,1858
Texas,2016,1501
Texas,2017,1337
Texas,2018,1984
Texas,2019,1879
Texas,2020,1549
Texas,2021,1643
Texas,2022,1949
Texas,2023,1474
Utah,1974,7358
Utah,1975,8040
Utah,1976,7517
Utah,1977,7067
Utah,1978,7312
Utah,1979,7652
Utah,1980,7105
Utah,1981,6645
Utah,1982,7949
Utah,1983,7333
Utah,1984,8226
Utah,1985,7962
Utah,1986,6923
Utah,1987,7007
Utah,1988,7197
Utah,1989,7241
Utah,1990,7139
Utah,1991,7497
Utah,1992,6823
Utah,1993,7713
Utah,1994,6861
Utah,1995,6861
Utah,1996,6975
Utah,1997,7231
Utah,1998,7203
Utah,1999,6841
Utah,2000,6748
Utah,2001,6783
Utah,2002,7318
Utah,2003,6602
Utah,2004,7078
Utah,2005,6908
Utah,2006,7002
Utah,2007,6813
Utah,2008,7454
Utah,2009,7262
Utah,2010,7171
Utah,2011,7507
Utah,2012,6383
Utah,2013,7486
Utah,2014,6510
Utah,2015,6286
Utah,2016,6549
Utah,2017,6641
Utah,2018,6725
Utah,2019,7436
Utah,2020,6693
Utah,2021,6551
Utah,2022,7019
Utah,2023,7169
Vermont,1974,8671
Vermont,1975,8269
Vermont,1976,8951
Vermont,1977,8406
Vermont,1978,9093
Vermont,1979,8226
Vermont,1980,8907
Vermont,1981,8337
Vermont,1982,8572
Vermont,1983,8212
Vermont,1984,8255
Vermont,1985,8542
Vermont,1986,8380
Vermont,1987,8319
Vermont,1988,8552
Vermont,1989,8845
Vermont,1990,7660
Vermont,1991,7856
Vermont,1992,8802
Vermont,1993,8704
Vermont,1994,8689
Vermont,1995,8340
Vermont,1996,8410
Vermont,1997,8692
Vermont,1998,7281
Vermont,1999,7698
Vermont,2000,8400
Vermont,2001,7783
Vermont,2002,7867
Vermont,2003,8631
Vermont,2004,8441
Vermont,2005,8079
Vermont,2006,7355
Vermont,2007,8295
Vermont,2008,8036
Vermont,2009,8284
Vermont,2010,7463
Vermont,2011,7656
Vermont,2012,7064
Vermont,2013,8030
Vermont,2014,8403
Vermont,2015,8190
Vermont,2016,7520
Vermont,2017,7724
Vermont,2018,8104
Vermont,2019,8471
Vermont,2020,7481
Vermont,2021,7426
Vermont,2022,7715
Vermont,2023,7094
Vermont,1974,8671
Vermont,1975,8269
Vermont,1976,8951
Vermont,1977,8406
Vermont,1978,9093
Vermont,1979,8226
Vermont,1980,8907
Vermont,1981,8337
Vermont,1982,8572
Vermont,1983,8212
Vermont,1984,8255
Vermont,1985,8542
Vermont,1986,8380
Vermont,1987,8319
Vermont,1988,8552
Vermont,1989,8845
Vermont,1990,7660
Vermont,1991,7856
Vermont,1992,8802
Vermont,1993,8704
Vermont,1994,8689
Vermont,1995,8340
Vermont,1996,8410
Vermont,1997,8692
Vermont,1998,7281
Vermont,1999,7698
Vermont,2000,8400
Vermont,2001,7783
Vermont,2002,7867
Vermont,2003,8631
Vermont,2004,8441
Vermont,2005,8079
Vermont,2006,7355
Vermont,2007,8295
Vermont,2008,8036
Vermont,2009,8284
Vermont,2010,7463
Vermont,2011,7656
Vermont,2012,7064
Vermont,2013,8030
Vermont,2014,8403
Vermont,2015,8190
Vermont,2016,7520
Vermont,2017,7724
Vermont,2018,8104
Vermont,2019,8471
Vermont,2020,7481
Vermont,2021,7426
Vermont,2022,7715
Vermont,2023,7094
Washington,1974,5851
Washington,1975,6286
Washington,1976,6037
Washington,1977,6037
Washington,1978,5938
Washington,1979,5850
Washington,1980,5873
Washington,1981,5583
Washington,1982,6127
Washington,1983,5701
Washington,1984,6115
Washington,1985,6660
Washington,1986,5565
Washington,1987,5293
Washington,1988,5636
Washington,1989,5797
Washington,1990,5750
Washington,1991,5699
Washington,1992,5175
Washington,1993,5953
Washington,1994,5507
Washington,1995,5353
Washington,1996,6061
Washington,1997,5519
Washington,1998,5303
Washington,1999,5760
Washington,2000,5893
Washington,2001,5820
Washington,2002,5756
Washington,2003,5360
Washington,2004,5238
Washington,2005,5494
Washington,2006,5554
Washington,2007,5837
Washington,2008,6134
Washington,2009,5960
Washington,2010,5577
Washington,2011,6204
Washington,2012,5790
Washington,2013,5751
Washington,2014,5256
Washington,2015,4889
Washington,2016,5126
Washington,2017,5794
Washington,2018,5382
Washington,2019,5750
Washington,2020,5416
Washington,2021,5562
Washington,2022,5788
Washington,2023,5347
West Virginia,1974,5107
West Virginia,1975,5176
West Virginia,1976,5811
West Virginia,1977,5677
West Virginia,1978,5999
West Virginia,1979,5706
West Virginia,1980,5833
West Virginia,1981,5852
West Virginia,1982,5256
West Virginia,1983,5533
West Virginia,1984,5318
West Virginia,1985,5254
West Virginia,1986,5130
West Virginia,1987,5261
West Virginia,1988,5695
West Virginia,1989,5610
West Virginia,1990,4492
West Virginia,1991,4756
West Virginia,1992,5323
West Virginia,1993,5373
West Virginia,1994,5305
West Virginia,1995,5507
West Virginia,1996,5604
West Virginia,1997,5435
West Virginia,1998,4496
West Virginia,1999,4965
West Virginia,2000,5256
West Virginia,2001,4926
West Virginia,2002,4958
West Virginia,2003,5315
West Virginia,2004,4965
West Virginia,2005,5184
West Virginia,2006,4819
West Virginia,2007,4905
West Virginia,2008,5269
West Virginia,2009,5238
West Virginia,2010,5451
West Virginia,2011,4849
West Virginia,2012,4532
West Virginia,2013,5279
West Virginia,2014,5616
West Virginia,2015,4929
West Virginia,2016,4747
West Virginia,2017,4496
West Virginia,2018,5109
West Virginia,2019,4734
West Virginia,2020,4665
West Virginia,2021,4759
West Virginia,2022,5190
West Virginia,2023,4489
Wisconsin,1974,7946
Wisconsin,1975,7850
Wisconsin,1976,8392
Wisconsin,1977,7918
Wisconsin,1978,8503
Wisconsin,1979,8590
Wisconsin,1980,8119
Wisconsin,1981,7646
Wisconsin,1982,8228
Wisconsin,1983,7874
Wisconsin,1984,7754
Wisconsin,1985,8198
Wisconsin,1986,7642
Wisconsin,1987,6857
Wisconsin,1988,7859
Wisconsin,1989,8365
Wisconsin,1990,7170
Wisconsin,1991,7545
Wisconsin,1992,7727
Wisconsin,1993,8122
Wisconsin,1994,7778
Wisconsin,1995,8057
Wisconsin,1996,8556
Wisconsin,1997,7899
Wisconsin,1998,6422
Wisconsin,1999,7071
Wisconsin,2000,7436
Wisconsin,2001,7032
Wisconsin,2002,7330
Wisconsin,2003,7748
Wisconsin,2004,7445
Wisconsin,2005,7319
Wisconsin,2006,6880
Wisconsin,2007,7301
Wisconsin,2008,8169
Wisconsin,2009,7891
Wisconsin,2010,7126
Wisconsin,2011,7523
Wisconsin,2012,6451
Wisconsin,2013,8189
Wisconsin,2014,8679
Wisconsin,2015,7214
Wisconsin,2016,6850
Wisconsin,2017,7096
Wisconsin,2018,7797
Wisconsin,2019,8025
Wisconsin,2020,7186
Wisconsin,2021,6934
Wisconsin,2022,7747
Wisconsin,2023,6631
Wyoming,1974,8540
Wyoming,1975,9108
Wyoming,1976,8522
Wyoming,1977,8289
Wyoming,1978,9177
Wyoming,1979,8976
Wyoming,1980,8343
Wyoming,1981,7673
Wyoming,1982,9015
Wyoming,1983,8766
Wyoming,1984,9018
Wyoming,1985,9262
Wyoming,1986,8122
Wyoming,1987,8088
Wyoming,1988,8188
Wyoming,1989,8579
Wyoming,1990,8354
Wyoming,1991,8381
Wyoming,1992,8017
Wyoming,1993,9251
Wyoming,1994,7968
Wyoming,1995,8409
Wyoming,1996,8648
Wyoming,1997,8555
Wyoming,1998,8129
Wyoming,1999,7834
Wyoming,2000,8200
Wyoming,2001,7988
Wyoming,2002,8588
Wyoming,2003,8021
Wyoming,2004,8033
Wyoming,2005,7964
Wyoming,2006,7979
Wyoming,2007,7995
Wyoming,2008,8744
Wyoming,2009,8630
Wyoming,2010,8271
Wyoming,2011,8645
Wyoming,2012,7417
Wyoming,2013,8516
Wyoming,2014,8245
Wyoming,2015,7583
Wyoming,2016,7678
Wyoming,2017,7895
Wyoming,2018,8177
Wyoming,2019,8906
Wyoming,2020,8069
Wyoming,2021,7865
Wyoming,2022,8441
Wyoming,2023,8247
