State,Year,January-December Palmer Z-Index
Alabama,1974,0.68
Alabama,1975,1.86
Alabama,1976,0.41
Alabama,1977,0.01
Alabama,1978,-0.42
Alabama,1979,1.25
Alabama,1980,0.02
Alabama,1981,-0.81
Alabama,1982,0.45
Alabama,1983,1.22
Alabama,1984,-0.26
Alabama,1985,-0.09
Alabama,1986,-0.85
Alabama,1987,-0.69
Alabama,1988,-0.28
Alabama,1989,1.09
Alabama,1990,-0.28
Alabama,1991,0.54
Alabama,1992,0.7
Alabama,1993,-0.43
Alabama,1994,0.65
Alabama,1995,0.25
Alabama,1996,0.31
Alabama,1997,0.87
Alabama,1998,-0.12
Alabama,1999,-0.59
Alabama,2000,-1.42
Alabama,2001,0.52
Alabama,2002,0.1
Alabama,2003,1.01
Alabama,2004,0.65
Alabama,2005,0.33
Alabama,2006,-0.83
Alabama,2007,-1.82
Alabama,2008,-0.09
Alabama,2009,1.54
Alabama,2010,-0.9
Alabama,2011,-0.7
Alabama,2012,-0.28
Alabama,2013,1.07
Alabama,2014,0.09
Alabama,2015,0.17
Alabama,2016,-1.37
Alabama,2017,0.85
Alabama,2018,0.56
Alabama,2019,-0.28
Alabama,2020,1.05
Alabama,2021,1.04
Alabama,2022,0.05
Alabama,2023,-0.54
Arizona,1974,-0.67
Arizona,1975,-0.35
Arizona,1976,-0.31
Arizona,1977,-0.89
Arizona,1978,2.0
Arizona,1979,1.13
Arizona,1980,0.76
Arizona,1981,-0.66
Arizona,1982,0.82
Arizona,1983,2.33
Arizona,1984,0.28
Arizona,1985,0.98
Arizona,1986,-0.09
Arizona,1987,0.26
Arizona,1988,0.07
Arizona,1989,-1.7
Arizona,1990,-0.13
Arizona,1991,0.31
Arizona,1992,1.77
Arizona,1993,1.58
Arizona,1994,-0.5
Arizona,1995,0.23
Arizona,1996,-1.63
Arizona,1997,-0.52
Arizona,1998,1.05
Arizona,1999,-1.09
Arizona,2000,-1.08
Arizona,2001,-0.48
Arizona,2002,-1.87
Arizona,2003,-0.95
Arizona,2004,-0.39
Arizona,2005,0.79
Arizona,2006,-1.25
Arizona,2007,-1.22
Arizona,2008,0.02
Arizona,2009,-1.62
Arizona,2010,0.61
Arizona,2011,-1.1
Arizona,2012,-1.37
Arizona,2013,-0.39
Arizona,2014,-1.21
Arizona,2015,-0.16
Arizona,2016,-0.91
Arizona,2017,-1.01
Arizona,2018,-1.1
Arizona,2019,0.47
Arizona,2020,-1.2
Arizona,2021,-0.84
Arizona,2022,-0.74
Arizona,2023,-0.11
Arkansas,1974,1.01
Arkansas,1975,0.54
Arkansas,1976,-0.32
Arkansas,1977,-0.45
Arkansas,1978,-0.14
Arkansas,1979,1.15
Arkansas,1980,-0.96
Arkansas,1981,-0.27
Arkansas,1982,0.68
Arkansas,1983,-0.27
Arkansas,1984,0.94
Arkansas,1985,-0.12
Arkansas,1986,-0.31
Arkansas,1987,0.03
Arkansas,1988,-0.42
Arkansas,1989,0.49
Arkansas,1990,1.05
Arkansas,1991,0.73
Arkansas,1992,0.32
Arkansas,1993,0.23
Arkansas,1994,0.56
Arkansas,1995,-0.6
Arkansas,1996,0.46
Arkansas,1997,0.33
Arkansas,1998,-0.55
Arkansas,1999,-0.72
Arkansas,2000,-0.52
Arkansas,2001,0.27
Arkansas,2002,0.17
Arkansas,2003,-0.23
Arkansas,2004,0.72
Arkansas,2005,-1.42
Arkansas,2006,-0.34
Arkansas,2007,-0.42
Arkansas,2008,1.15
Arkansas,2009,1.98
Arkansas,2010,-1.22
Arkansas,2011,-0.09
Arkansas,2012,-1.34
Arkansas,2013,0.49
Arkansas,2014,0.28
Arkansas,2015,1.13
Arkansas,2016,-0.15
Arkansas,2017,0.01
Arkansas,2018,0.91
Arkansas,2019,1.4
Arkansas,2020,1.32
Arkansas,2021,0.06
Arkansas,2022,-0.07
Arkansas,2023,0.04
California,1974,-0.12
California,1975,0.07
California,1976,-1.52
California,1977,-1.43
California,1978,0.78
California,1979,0.21
California,1980,0.22
California,1981,0.08
California,1982,1.66
California,1983,2.5
California,1984,-0.27
California,1985,-0.99
California,1986,-0.06
California,1987,-0.99
California,1988,-0.48
California,1989,-0.75
California,1990,-1.34
California,1991,-0.45
California,1992,-0.66
California,1993,0.61
California,1994,-0.74
California,1995,1.72
California,1996,1.04
California,1997,-0.55
California,1998,2.43
California,1999,-0.45
California,2000,-0.38
California,2001,-0.63
California,2002,-0.85
California,2003,-0.08
California,2004,-0.57
California,2005,1.34
California,2006,-0.06
California,2007,-1.55
California,2008,-1.19
California,2009,-0.88
California,2010,1.16
California,2011,0.24
California,2012,-0.33
California,2013,-1.86
California,2014,-1.69
California,2015,-1.39
California,2016,0.08
California,2017,0.17
California,2018,-0.99
California,2019,0.69
California,2020,-1.39
California,2021,-1.47
California,2022,-1.36
California,2023,0.44
Colorado,1974,-0.67
Colorado,1975,0.14
Colorado,1976,-0.66
Colorado,1977,-1.7
Colorado,1978,-0.2
Colorado,1979,0.98
Colorado,1980,0.23
Colorado,1981,-1.11
Colorado,1982,0.7
Colorado,1983,1.56
Colorado,1984,1.42
Colorado,1985,1.1
Colorado,1986,0.86
Colorado,1987,0.72
Colorado,1988,0.01
Colorado,1989,-1.17
Colorado,1990,-0.36
Colorado,1991,0.09
Colorado,1992,0.36
Colorado,1993,1.08
Colorado,1994,-0.3
Colorado,1995,1.23
Colorado,1996,0.35
Colorado,1997,1.59
Colorado,1998,0.55
Colorado,1999,0.58
Colorado,2000,-0.9
Colorado,2001,-0.97
Colorado,2002,-2.65
Colorado,2003,-1.09
Colorado,2004,-0.28
Colorado,2005,0.32
Colorado,2006,-0.55
Colorado,2007,0.02
Colorado,2008,0.1
Colorado,2009,0.31
Colorado,2010,0.15
Colorado,2011,-0.14
Colorado,2012,-2.72
Colorado,2013,-0.72
Colorado,2014,0.26
Colorado,2015,0.72
Colorado,2016,-0.37
Colorado,2017,-0.25
Colorado,2018,-2.02
Colorado,2019,0.37
Colorado,2020,-2.24
Colorado,2021,-1.37
Colorado,2022,-1.27
Colorado,2023,0.46
Connecticut,1974,0.07
Connecticut,1975,0.9
Connecticut,1976,0.08
Connecticut,1977,0.58
Connecticut,1978,0.05
Connecticut,1979,0.71
Connecticut,1980,-0.66
Connecticut,1981,-0.33
Connecticut,1982,0.14
Connecticut,1983,1.18
Connecticut,1984,0.49
Connecticut,1985,-0.3
Connecticut,1986,0.05
Connecticut,1987,-0.41
Connecticut,1988,-0.39
Connecticut,1989,1.03
Connecticut,1990,0.62
Connecticut,1991,-0.19
Connecticut,1992,0.43
Connecticut,1993,-0.3
Connecticut,1994,0.25
Connecticut,1995,-0.61
Connecticut,1996,1.25
Connecticut,1997,-0.41
Connecticut,1998,0.17
Connecticut,1999,-0.16
Connecticut,2000,0.32
Connecticut,2001,-0.85
Connecticut,2002,-0.13
Connecticut,2003,0.86
Connecticut,2004,0.08
Connecticut,2005,0.37
Connecticut,2006,0.73
Connecticut,2007,-0.36
Connecticut,2008,1.27
Connecticut,2009,0.39
Connecticut,2010,-0.28
Connecticut,2011,1.25
Connecticut,2012,-0.91
Connecticut,2013,-0.37
Connecticut,2014,-0.26
Connecticut,2015,-1.25
Connecticut,2016,-1.27
Connecticut,2017,-0.4
Connecticut,2018,1.16
Connecticut,2019,0.49
Connecticut,2020,-0.69
Connecticut,2021,0.23
Connecticut,2022,-0.57
Connecticut,2023,1.03
Delaware,1974,-0.53
Delaware,1975,1.17
Delaware,1976,-0.5
Delaware,1977,-0.55
Delaware,1978,0.2
Delaware,1979,1.45
Delaware,1980,-0.45
Delaware,1981,-0.63
Delaware,1982,-0.27
Delaware,1983,0.91
Delaware,1984,-0.12
Delaware,1985,-0.54
Delaware,1986,-0.98
Delaware,1987,-0.95
Delaware,1988,-0.55
Delaware,1989,1.45
Delaware,1990,-0.48
Delaware,1991,-0.68
Delaware,1992,-0.03
Delaware,1993,-0.09
Delaware,1994,0.2
Delaware,1995,-0.58
Delaware,1996,1.65
Delaware,1997,-0.29
Delaware,1998,-0.64
Delaware,1999,-0.07
Delaware,2000,0.4
Delaware,2001,-0.46
Delaware,2002,-0.03
Delaware,2003,1.6
Delaware,2004,-0.05
Delaware,2005,0.31
Delaware,2006,0.23
Delaware,2007,-0.94
Delaware,2008,-0.35
Delaware,2009,1.2
Delaware,2010,-0.86
Delaware,2011,-0.31
Delaware,2012,-0.96
Delaware,2013,0.78
Delaware,2014,0.01
Delaware,2015,0.01
Delaware,2016,0.06
Delaware,2017,-0.2
Delaware,2018,1.43
Delaware,2019,-0.64
Delaware,2020,0.87
Delaware,2021,-0.62
Delaware,2022,-0.56
Delaware,2023,-0.25
Florida,1974,-0.51
Florida,1975,0.24
Florida,1976,0.24
Florida,1977,-0.67
Florida,1978,-0.04
Florida,1979,0.64
Florida,1980,-0.44
Florida,1981,-1.11
Florida,1982,0.72
Florida,1983,1.25
Florida,1984,-0.26
Florida,1985,-0.37
Florida,1986,-0.65
Florida,1987,-0.34
Florida,1988,-0.11
Florida,1989,-0.45
Florida,1990,-1.74
Florida,1991,0.58
Florida,1992,0.37
Florida,1993,-0.63
Florida,1994,1.0
Florida,1995,0.57
Florida,1996,0.12
Florida,1997,0.73
Florida,1998,-0.5
Florida,1999,-0.45
Florida,2000,-1.78
Florida,2001,-0.44
Florida,2002,0.36
Florida,2003,0.4
Florida,2004,0.05
Florida,2005,0.62
Florida,2006,-1.95
Florida,2007,-1.83
Florida,2008,-0.27
Florida,2009,-0.11
Florida,2010,-0.88
Florida,2011,-1.39
Florida,2012,-0.37
Florida,2013,0.23
Florida,2014,0.55
Florida,2015,-0.81
Florida,2016,-0.48
Florida,2017,0.02
Florida,2018,0.43
Florida,2019,-0.82
Florida,2020,-0.06
Florida,2021,-0.02
Florida,2022,-0.26
Florida,2023,-0.3
Georgia,1974,0.38
Georgia,1975,1.31
Georgia,1976,1.0
Georgia,1977,-0.47
Georgia,1978,-0.74
Georgia,1979,0.86
Georgia,1980,-0.54
Georgia,1981,-0.98
Georgia,1982,0.31
Georgia,1983,0.56
Georgia,1984,-0.05
Georgia,1985,-0.19
Georgia,1986,-1.17
Georgia,1987,-0.71
Georgia,1988,-0.59
Georgia,1989,0.9
Georgia,1990,-0.94
Georgia,1991,0.76
Georgia,1992,1.25
Georgia,1993,-0.63
Georgia,1994,1.39
Georgia,1995,-0.04
Georgia,1996,-0.2
Georgia,1997,0.92
Georgia,1998,-0.33
Georgia,1999,-1.07
Georgia,2000,-1.03
Georgia,2001,-0.78
Georgia,2002,-0.35
Georgia,2003,1.01
Georgia,2004,0.27
Georgia,2005,0.59
Georgia,2006,-1.31
Georgia,2007,-1.55
Georgia,2008,-0.33
Georgia,2009,1.04
Georgia,2010,-0.89
Georgia,2011,-1.51
Georgia,2012,-1.08
Georgia,2013,1.54
Georgia,2014,0.08
Georgia,2015,0.11
Georgia,2016,-1.46
Georgia,2017,-0.02
Georgia,2018,0.9
Georgia,2019,-0.74
Georgia,2020,0.76
Georgia,2021,0.94
Georgia,2022,-0.72
Georgia,2023,0.05
Idaho,1974,-0.55
Idaho,1975,1.41
Idaho,1976,-0.39
Idaho,1977,-0.7
Idaho,1978,0.02
Idaho,1979,-0.88
Idaho,1980,0.86
Idaho,1981,0.55
Idaho,1982,1.51
Idaho,1983,1.69
Idaho,1984,1.44
Idaho,1985,-0.33
Idaho,1986,0.12
Idaho,1987,-1.5
Idaho,1988,-0.99
Idaho,1989,-0.56
Idaho,1990,-0.27
Idaho,1991,-0.06
Idaho,1992,-1.47
Idaho,1993,0.61
Idaho,1994,-1.01
Idaho,1995,1.7
Idaho,1996,1.0
Idaho,1997,0.42
Idaho,1998,0.88
Idaho,1999,-0.17
Idaho,2000,-0.85
Idaho,2001,-1.34
Idaho,2002,-0.98
Idaho,2003,-0.87
Idaho,2004,-0.12
Idaho,2005,0.15
Idaho,2006,0.06
Idaho,2007,-1.2
Idaho,2008,-0.42
Idaho,2009,0.28
Idaho,2010,0.69
Idaho,2011,0.54
Idaho,2012,-0.09
Idaho,2013,-1.3
Idaho,2014,-0.21
Idaho,2015,-0.85
Idaho,2016,-0.21
Idaho,2017,0.43
Idaho,2018,-0.59
Idaho,2019,-0.06
Idaho,2020,-0.39
Idaho,2021,-1.28
Idaho,2022,-0.4
Idaho,2023,-0.42
Illinois,1974,0.55
Illinois,1975,0.56
Illinois,1976,-0.83
Illinois,1977,0.35
Illinois,1978,-0.14
Illinois,1979,0.24
Illinois,1980,-0.28
Illinois,1981,0.92
Illinois,1982,1.37
Illinois,1983,0.23
Illinois,1984,0.48
Illinois,1985,1.04
Illinois,1986,0.26
Illinois,1987,-0.66
Illinois,1988,-1.34
Illinois,1989,-0.3
Illinois,1990,1.51
Illinois,1991,-0.46
Illinois,1992,0.1
Illinois,1993,2.05
Illinois,1994,-0.29
Illinois,1995,0.01
Illinois,1996,0.35
Illinois,1997,-0.06
Illinois,1998,0.62
Illinois,1999,-0.43
Illinois,2000,0.3
Illinois,2001,0.45
Illinois,2002,-0.02
Illinois,2003,0.17
Illinois,2004,0.44
Illinois,2005,-1.18
Illinois,2006,0.27
Illinois,2007,-0.54
Illinois,2008,1.87
Illinois,2009,1.88
Illinois,2010,0.23
Illinois,2011,0.79
Illinois,2012,-1.44
Illinois,2013,0.55
Illinois,2014,0.97
Illinois,2015,1.25
Illinois,2016,0.36
Illinois,2017,-0.13
Illinois,2018,1.17
Illinois,2019,1.6
Illinois,2020,0.53
Illinois,2021,0.53
Illinois,2022,-0.01
Illinois,2023,-0.63
Indiana,1974,0.47
Indiana,1975,0.73
Indiana,1976,-0.41
Indiana,1977,0.37
Indiana,1978,0.19
Indiana,1979,1.28
Indiana,1980,-0.05
Indiana,1981,0.52
Indiana,1982,0.69
Indiana,1983,-0.16
Indiana,1984,0.06
Indiana,1985,0.64
Indiana,1986,0.29
Indiana,1987,-0.69
Indiana,1988,-0.97
Indiana,1989,0.92
Indiana,1990,1.82
Indiana,1991,-0.87
Indiana,1992,0.68
Indiana,1993,1.45
Indiana,1994,-0.51
Indiana,1995,-0.38
Indiana,1996,1.22
Indiana,1997,0.26
Indiana,1998,0.42
Indiana,1999,-1.07
Indiana,2000,0.6
Indiana,2001,0.75
Indiana,2002,-0.12
Indiana,2003,1.17
Indiana,2004,0.6
Indiana,2005,-0.08
Indiana,2006,1.51
Indiana,2007,-0.35
Indiana,2008,1.19
Indiana,2009,1.07
Indiana,2010,-0.72
Indiana,2011,1.54
Indiana,2012,-1.21
Indiana,2013,0.67
Indiana,2014,0.94
Indiana,2015,0.86
Indiana,2016,0.54
Indiana,2017,0.61
Indiana,2018,1.36
Indiana,2019,1.08
Indiana,2020,0.27
Indiana,2021,0.81
Indiana,2022,-0.34
Indiana,2023,-0.57
Iowa,1974,0.21
Iowa,1975,-0.23
Iowa,1976,-1.23
Iowa,1977,-0.28
Iowa,1978,0.66
Iowa,1979,0.84
Iowa,1980,-0.18
Iowa,1981,0.36
Iowa,1982,1.75
Iowa,1983,0.64
Iowa,1984,0.87
Iowa,1985,0.06
Iowa,1986,1.17
Iowa,1987,0.08
Iowa,1988,-1.9
Iowa,1989,-1.43
Iowa,1990,0.82
Iowa,1991,0.61
Iowa,1992,1.12
Iowa,1993,2.43
Iowa,1994,-0.04
Iowa,1995,0.1
Iowa,1996,0.61
Iowa,1997,-0.05
Iowa,1998,0.98
Iowa,1999,0.1
Iowa,2000,-0.5
Iowa,2001,0.3
Iowa,2002,-0.19
Iowa,2003,-0.39
Iowa,2004,0.65
Iowa,2005,-0.36
Iowa,2006,-0.16
Iowa,2007,1.4
Iowa,2008,1.76
Iowa,2009,1.45
Iowa,2010,1.53
Iowa,2011,-0.03
Iowa,2012,-1.52
Iowa,2013,0.0
Iowa,2014,1.03
Iowa,2015,1.62
Iowa,2016,0.8
Iowa,2017,0.08
Iowa,2018,1.81
Iowa,2019,1.5
Iowa,2020,-0.32
Iowa,2021,-0.29
Iowa,2022,-0.67
Iowa,2023,-0.93
Kansas,1974,0.06
Kansas,1975,0.28
Kansas,1976,-0.65
Kansas,1977,0.07
Kansas,1978,-0.4
Kansas,1979,0.77
Kansas,1980,-0.56
Kansas,1981,-0.22
Kansas,1982,0.67
Kansas,1983,0.28
Kansas,1984,0.56
Kansas,1985,1.4
Kansas,1986,0.99
Kansas,1987,1.1
Kansas,1988,-0.87
Kansas,1989,-0.64
Kansas,1990,0.11
Kansas,1991,-1.07
Kansas,1992,1.28
Kansas,1993,2.37
Kansas,1994,0.05
Kansas,1995,0.67
Kansas,1996,0.33
Kansas,1997,1.17
Kansas,1998,0.89
Kansas,1999,0.82
Kansas,2000,-0.28
Kansas,2001,0.2
Kansas,2002,-0.98
Kansas,2003,-0.28
Kansas,2004,0.36
Kansas,2005,0.72
Kansas,2006,-0.83
Kansas,2007,0.86
Kansas,2008,1.36
Kansas,2009,1.33
Kansas,2010,0.45
Kansas,2011,-0.66
Kansas,2012,-1.52
Kansas,2013,0.04
Kansas,2014,-0.36
Kansas,2015,0.65
Kansas,2016,0.45
Kansas,2017,0.21
Kansas,2018,0.02
Kansas,2019,1.69
Kansas,2020,0.17
Kansas,2021,-0.1
Kansas,2022,-1.37
Kansas,2023,-0.75
Kentucky,1974,0.95
Kentucky,1975,1.13
Kentucky,1976,0.12
Kentucky,1977,0.35
Kentucky,1978,0.62
Kentucky,1979,1.98
Kentucky,1980,-0.94
Kentucky,1981,0.05
Kentucky,1982,0.58
Kentucky,1983,-0.02
Kentucky,1984,0.5
Kentucky,1985,0.02
Kentucky,1986,-0.63
Kentucky,1987,-1.17
Kentucky,1988,-0.38
Kentucky,1989,1.4
Kentucky,1990,0.73
Kentucky,1991,-0.58
Kentucky,1992,0.1
Kentucky,1993,0.18
Kentucky,1994,0.1
Kentucky,1995,0.09
Kentucky,1996,1.35
Kentucky,1997,0.23
Kentucky,1998,-0.1
Kentucky,1999,-1.38
Kentucky,2000,-0.18
Kentucky,2001,0.03
Kentucky,2002,0.56
Kentucky,2003,1.21
Kentucky,2004,1.02
Kentucky,2005,-1.02
Kentucky,2006,0.77
Kentucky,2007,-1.01
Kentucky,2008,-0.32
Kentucky,2009,1.15
Kentucky,2010,-0.73
Kentucky,2011,1.59
Kentucky,2012,-0.63
Kentucky,2013,1.24
Kentucky,2014,0.32
Kentucky,2015,1.21
Kentucky,2016,0.01
Kentucky,2017,0.48
Kentucky,2018,1.68
Kentucky,2019,1.23
Kentucky,2020,1.27
Kentucky,2021,0.89
Kentucky,2022,0.18
Kentucky,2023,-0.36
Louisiana,1974,0.83
Louisiana,1975,1.07
Louisiana,1976,-0.25
Louisiana,1977,0.03
Louisiana,1978,-0.42
Louisiana,1979,1.26
Louisiana,1980,-0.17
Louisiana,1981,-0.85
Louisiana,1982,0.51
Louisiana,1983,0.99
Louisiana,1984,0.29
Louisiana,1985,0.11
Louisiana,1986,-0.42
Louisiana,1987,0.32
Louisiana,1988,0.06
Louisiana,1989,0.67
Louisiana,1990,-0.18
Louisiana,1991,1.61
Louisiana,1992,0.98
Louisiana,1993,0.16
Louisiana,1994,0.33
Louisiana,1995,0.21
Louisiana,1996,-0.22
Louisiana,1997,0.53
Louisiana,1998,-0.01
Louisiana,1999,-0.98
Louisiana,2000,-1.09
Louisiana,2001,0.88
Louisiana,2002,0.46
Louisiana,2003,-0.32
Louisiana,2004,1.01
Louisiana,2005,-1.11
Louisiana,2006,-0.43
Louisiana,2007,-0.34
Louisiana,2008,0.03
Louisiana,2009,0.4
Louisiana,2010,-1.53
Louisiana,2011,-1.48
Louisiana,2012,0.29
Louisiana,2013,0.25
Louisiana,2014,0.26
Louisiana,2015,0.35
Louisiana,2016,0.66
Louisiana,2017,0.46
Louisiana,2018,0.29
Louisiana,2019,0.35
Louisiana,2020,0.77
Louisiana,2021,0.86
Louisiana,2022,-0.17
Louisiana,2023,-1.69
Maine,1974,0.37
Maine,1975,-0.26
Maine,1976,1.21
Maine,1977,0.79
Maine,1978,-0.88
Maine,1979,0.77
Maine,1980,-0.57
Maine,1981,0.84
Maine,1982,-0.53
Maine,1983,1.29
Maine,1984,0.04
Maine,1985,-0.61
Maine,1986,0.31
Maine,1987,-0.53
Maine,1988,-0.55
Maine,1989,-0.05
Maine,1990,0.99
Maine,1991,0.16
Maine,1992,-0.43
Maine,1993,0.12
Maine,1994,-0.16
Maine,1995,-0.23
Maine,1996,1.25
Maine,1997,-0.19
Maine,1998,0.24
Maine,1999,0.09
Maine,2000,0.09
Maine,2001,-2.01
Maine,2002,-0.2
Maine,2003,0.28
Maine,2004,-0.26
Maine,2005,2.04
Maine,2006,0.97
Maine,2007,0.55
Maine,2008,1.73
Maine,2009,0.92
Maine,2010,0.4
Maine,2011,0.9
Maine,2012,0.28
Maine,2013,0.48
Maine,2014,0.81
Maine,2015,0.0
Maine,2016,-0.38
Maine,2017,0.02
Maine,2018,0.3
Maine,2019,0.97
Maine,2020,-0.59
Maine,2021,-0.62
Maine,2022,0.7
Maine,2023,1.27
Maryland,1974,-0.28
Maryland,1975,1.31
Maryland,1976,-0.11
Maryland,1977,-0.55
Maryland,1978,0.19
Maryland,1979,1.73
Maryland,1980,-0.67
Maryland,1981,-0.52
Maryland,1982,-0.26
Maryland,1983,0.76
Maryland,1984,0.23
Maryland,1985,-0.36
Maryland,1986,-1.06
Maryland,1987,-0.6
Maryland,1988,-0.7
Maryland,1989,1.07
Maryland,1990,0.16
Maryland,1991,-1.49
Maryland,1992,0.22
Maryland,1993,0.09
Maryland,1994,0.13
Maryland,1995,-0.41
Maryland,1996,1.94
Maryland,1997,-0.47
Maryland,1998,-0.54
Maryland,1999,-0.21
Maryland,2000,0.27
Maryland,2001,-0.85
Maryland,2002,-0.58
Maryland,2003,2.02
Maryland,2004,0.42
Maryland,2005,0.08
Maryland,2006,0.09
Maryland,2007,-1.26
Maryland,2008,0.05
Maryland,2009,0.9
Maryland,2010,-0.73
Maryland,2011,0.49
Maryland,2012,-0.65
Maryland,2013,0.46
Maryland,2014,0.22
Maryland,2015,0.2
Maryland,2016,-0.41
Maryland,2017,-0.35
Maryland,2018,2.16
Maryland,2019,-0.32
Maryland,2020,0.81
Maryland,2021,-0.28
Maryland,2022,-0.11
Maryland,2023,-1.03
Massachusetts,1974,0.05
Massachusetts,1975,1.08
Massachusetts,1976,-0.18
Massachusetts,1977,0.84
Massachusetts,1978,-0.21
Massachusetts,1979,0.79
Massachusetts,1980,-1.02
Massachusetts,1981,-0.11
Massachusetts,1982,0.15
Massachusetts,1983,1.1
Massachusetts,1984,0.54
Massachusetts,1985,-0.31
Massachusetts,1986,0.51
Massachusetts,1987,-0.11
Massachusetts,1988,-0.2
Massachusetts,1989,0.69
Massachusetts,1990,0.61
Massachusetts,1991,0.1
Massachusetts,1992,0.29
Massachusetts,1993,-0.29
Massachusetts,1994,0.11
Massachusetts,1995,-0.5
Massachusetts,1996,1.62
Massachusetts,1997,-0.48
Massachusetts,1998,0.33
Massachusetts,1999,-0.21
Massachusetts,2000,0.69
Massachusetts,2001,-0.68
Massachusetts,2002,0.0
Massachusetts,2003,0.87
Massachusetts,2004,0.11
Massachusetts,2005,0.86
Massachusetts,2006,0.65
Massachusetts,2007,-0.14
Massachusetts,2008,1.58
Massachusetts,2009,0.78
Massachusetts,2010,-0.03
Massachusetts,2011,1.36
Massachusetts,2012,-0.63
Massachusetts,2013,0.02
Massachusetts,2014,0.53
Massachusetts,2015,-0.63
Massachusetts,2016,-1.21
Massachusetts,2017,0.07
Massachusetts,2018,1.37
Massachusetts,2019,0.75
Massachusetts,2020,-0.68
Massachusetts,2021,0.81
Massachusetts,2022,-0.57
Massachusetts,2023,1.11
Michigan,1974,0.49
Michigan,1975,1.21
Michigan,1976,-0.85
Michigan,1977,0.03
Michigan,1978,0.2
Michigan,1979,0.49
Michigan,1980,0.42
Michigan,1981,0.43
Michigan,1982,0.71
Michigan,1983,0.41
Michigan,1984,0.09
Michigan,1985,1.47
Michigan,1986,0.83
Michigan,1987,-0.49
Michigan,1988,-0.38
Michigan,1989,-0.68
Michigan,1990,0.98
Michigan,1991,0.38
Michigan,1992,0.82
Michigan,1993,0.67
Michigan,1994,0.44
Michigan,1995,-0.12
Michigan,1996,0.86
Michigan,1997,-0.09
Michigan,1998,-1.25
Michigan,1999,-0.45
Michigan,2000,0.28
Michigan,2001,0.37
Michigan,2002,-0.32
Michigan,2003,-0.19
Michigan,2004,0.59
Michigan,2005,-1.08
Michigan,2006,0.6
Michigan,2007,-0.95
Michigan,2008,1.12
Michigan,2009,0.69
Michigan,2010,-0.29
Michigan,2011,0.69
Michigan,2012,-0.73
Michigan,2013,1.19
Michigan,2014,1.22
Michigan,2015,-0.28
Michigan,2016,0.34
Michigan,2017,1.26
Michigan,2018,0.73
Michigan,2019,1.87
Michigan,2020,0.6
Michigan,2021,0.02
Michigan,2022,-0.15
Michigan,2023,-0.07
Minnesota,1974,-0.2
Minnesota,1975,0.41
Minnesota,1976,-2.21
Minnesota,1977,0.11
Minnesota,1978,0.29
Minnesota,1979,1.14
Minnesota,1980,-0.8
Minnesota,1981,0.49
Minnesota,1982,1.15
Minnesota,1983,0.85
Minnesota,1984,0.55
Minnesota,1985,1.32
Minnesota,1986,1.29
Minnesota,1987,-1.22
Minnesota,1988,-1.76
Minnesota,1989,-0.9
Minnesota,1990,-0.35
Minnesota,1991,1.16
Minnesota,1992,0.61
Minnesota,1993,1.66
Minnesota,1994,0.6
Minnesota,1995,0.96
Minnesota,1996,0.8
Minnesota,1997,0.32
Minnesota,1998,0.46
Minnesota,1999,0.93
Minnesota,2000,0.57
Minnesota,2001,0.41
Minnesota,2002,0.74
Minnesota,2003,-0.75
Minnesota,2004,0.68
Minnesota,2005,1.03
Minnesota,2006,-0.91
Minnesota,2007,0.07
Minnesota,2008,0.61
Minnesota,2009,0.5
Minnesota,2010,1.34
Minnesota,2011,-0.31
Minnesota,2012,-1.11
Minnesota,2013,0.42
Minnesota,2014,0.6
Minnesota,2015,0.33
Minnesota,2016,1.39
Minnesota,2017,0.72
Minnesota,2018,1.05
Minnesota,2019,2.12
Minnesota,2020,-0.02
Minnesota,2021,-1.15
Minnesota,2022,-0.12
Minnesota,2023,-0.88
Mississippi,1974,1.25
Mississippi,1975,1.36
Mississippi,1976,-0.15
Mississippi,1977,-0.01
Mississippi,1978,-0.45
Mississippi,1979,1.73
Mississippi,1980,0.31
Mississippi,1981,-1.05
Mississippi,1982,0.69
Mississippi,1983,1.38
Mississippi,1984,0.03
Mississippi,1985,-0.15
Mississippi,1986,-0.69
Mississippi,1987,-0.22
Mississippi,1988,-0.31
Mississippi,1989,1.11
Mississippi,1990,0.11
Mississippi,1991,1.12
Mississippi,1992,0.4
Mississippi,1993,0.06
Mississippi,1994,0.61
Mississippi,1995,0.04
Mississippi,1996,-0.08
Mississippi,1997,0.86
Mississippi,1998,-0.46
Mississippi,1999,-0.75
Mississippi,2000,-1.22
Mississippi,2001,1.04
Mississippi,2002,0.85
Mississippi,2003,0.61
Mississippi,2004,0.9
Mississippi,2005,-0.34
Mississippi,2006,-0.49
Mississippi,2007,-1.24
Mississippi,2008,0.42
Mississippi,2009,0.97
Mississippi,2010,-1.07
Mississippi,2011,-0.47
Mississippi,2012,0.26
Mississippi,2013,0.63
Mississippi,2014,0.44
Mississippi,2015,0.07
Mississippi,2016,-0.59
Mississippi,2017,0.4
Mississippi,2018,0.51
Mississippi,2019,0.93
Mississippi,2020,1.04
Mississippi,2021,1.1
Mississippi,2022,0.19
Mississippi,2023,-1.03
Missouri,1974,0.46
Missouri,1975,0.28
Missouri,1976,-1.01
Missouri,1977,0.22
Missouri,1978,0.16
Missouri,1979,0.37
Missouri,1980,-1.49
Missouri,1981,0.35
Missouri,1982,1.52
Missouri,1983,0.0
Missouri,1984,0.84
Missouri,1985,1.4
Missouri,1986,0.28
Missouri,1987,-0.09
Missouri,1988,-0.76
Missouri,1989,-0.33
Missouri,1990,1.05
Missouri,1991,-0.33
Missouri,1992,0.52
Missouri,1993,2.04
Missouri,1994,0.22
Missouri,1995,0.27
Missouri,1996,0.71
Missouri,1997,0.2
Missouri,1998,1.09
Missouri,1999,-0.61
Missouri,2000,-0.7
Missouri,2001,0.52
Missouri,2002,-0.12
Missouri,2003,0.04
Missouri,2004,0.78
Missouri,2005,-0.58
Missouri,2006,-0.4
Missouri,2007,-0.27
Missouri,2008,2.08
Missouri,2009,1.56
Missouri,2010,0.51
Missouri,2011,0.3
Missouri,2012,-1.57
Missouri,2013,0.76
Missouri,2014,0.3
Missouri,2015,1.58
Missouri,2016,-0.18
Missouri,2017,-0.04
Missouri,2018,0.11
Missouri,2019,1.68
Missouri,2020,0.79
Missouri,2021,0.48
Missouri,2022,-0.09
Missouri,2023,-0.76
Montana,1974,0.31
Montana,1975,2.2
Montana,1976,0.25
Montana,1977,-0.9
Montana,1978,1.48
Montana,1979,-0.69
Montana,1980,-0.6
Montana,1981,-0.21
Montana,1982,1.38
Montana,1983,0.14
Montana,1984,-0.26
Montana,1985,-0.62
Montana,1986,0.81
Montana,1987,-0.83
Montana,1988,-2.35
Montana,1989,0.34
Montana,1990,-0.08
Montana,1991,0.22
Montana,1992,-1.05
Montana,1993,1.34
Montana,1994,-0.2
Montana,1995,1.35
Montana,1996,0.93
Montana,1997,0.85
Montana,1998,0.07
Montana,1999,0.09
Montana,2000,-1.38
Montana,2001,-2.25
Montana,2002,-1.06
Montana,2003,-0.86
Montana,2004,-1.24
Montana,2005,-0.5
Montana,2006,-0.21
Montana,2007,-0.66
Montana,2008,-0.02
Montana,2009,0.06
Montana,2010,0.84
Montana,2011,1.46
Montana,2012,-1.01
Montana,2013,0.23
Montana,2014,0.77
Montana,2015,-0.79
Montana,2016,-0.19
Montana,2017,-0.5
Montana,2018,0.41
Montana,2019,1.17
Montana,2020,0.35
Montana,2021,-1.82
Montana,2022,-0.82
Montana,2023,-0.55
Nebraska,1974,-0.46
Nebraska,1975,-0.38
Nebraska,1976,-0.89
Nebraska,1977,0.65
Nebraska,1978,0.45
Nebraska,1979,1.26
Nebraska,1980,-0.45
Nebraska,1981,-0.59
Nebraska,1982,1.37
Nebraska,1983,1.31
Nebraska,1984,1.32
Nebraska,1985,0.27
Nebraska,1986,1.09
Nebraska,1987,0.98
Nebraska,1988,-0.53
Nebraska,1989,-1.55
Nebraska,1990,-0.81
Nebraska,1991,-0.67
Nebraska,1992,0.89
Nebraska,1993,2.83
Nebraska,1994,0.65
Nebraska,1995,1.02
Nebraska,1996,0.89
Nebraska,1997,0.64
Nebraska,1998,1.24
Nebraska,1999,0.52
Nebraska,2000,-0.76
Nebraska,2001,0.34
Nebraska,2002,-1.53
Nebraska,2003,-0.85
Nebraska,2004,-0.46
Nebraska,2005,-0.1
Nebraska,2006,-0.75
Nebraska,2007,1.05
Nebraska,2008,1.57
Nebraska,2009,1.85
Nebraska,2010,1.54
Nebraska,2011,1.11
Nebraska,2012,-2.24
Nebraska,2013,-0.19
Nebraska,2014,0.55
Nebraska,2015,1.23
Nebraska,2016,0.68
Nebraska,2017,0.43
Nebraska,2018,1.6
Nebraska,2019,2.64
Nebraska,2020,-0.08
Nebraska,2021,-0.29
Nebraska,2022,-2.04
Nebraska,2023,-0.16
Nevada,1974,-0.85
Nevada,1975,0.68
Nevada,1976,-0.42
Nevada,1977,-1.11
Nevada,1978,1.47
Nevada,1979,0.21
Nevada,1980,1.19
Nevada,1981,-0.96
Nevada,1982,1.34
Nevada,1983,2.9
Nevada,1984,1.48
Nevada,1985,-0.28
Nevada,1986,-0.51
Nevada,1987,-0.39
Nevada,1988,-0.31
Nevada,1989,-1.12
Nevada,1990,-1.21
Nevada,1991,-0.47
Nevada,1992,-1.09
Nevada,1993,0.77
Nevada,1994,-0.97
Nevada,1995,2.01
Nevada,1996,0.21
Nevada,1997,0.15
Nevada,1998,2.89
Nevada,1999,-0.94
Nevada,2000,-0.65
Nevada,2001,-1.13
Nevada,2002,-1.49
Nevada,2003,-0.94
Nevada,2004,-0.01
Nevada,2005,1.81
Nevada,2006,-0.05
Nevada,2007,-1.9
Nevada,2008,-0.99
Nevada,2009,-0.73
Nevada,2010,0.7
Nevada,2011,0.53
Nevada,2012,-1.59
Nevada,2013,-1.37
Nevada,2014,-1.35
Nevada,2015,-1.27
Nevada,2016,-0.1
Nevada,2017,0.3
Nevada,2018,-1.46
Nevada,2019,1.5
Nevada,2020,-1.9
Nevada,2021,-1.23
Nevada,2022,-1.13
Nevada,2023,1.52
New Hampshire,1974,0.18
New Hampshire,1975,0.5
New Hampshire,1976,0.47
New Hampshire,1977,0.57
New Hampshire,1978,-0.62
New Hampshire,1979,0.15
New Hampshire,1980,-0.96
New Hampshire,1981,0.82
New Hampshire,1982,-0.45
New Hampshire,1983,0.99
New Hampshire,1984,0.3
New Hampshire,1985,-0.51
New Hampshire,1986,0.52
New Hampshire,1987,-0.1
New Hampshire,1988,-0.16
New Hampshire,1989,0.29
New Hampshire,1990,1.08
New Hampshire,1991,0.16
New Hampshire,1992,-0.32
New Hampshire,1993,-0.35
New Hampshire,1994,-0.1
New Hampshire,1995,-0.29
New Hampshire,1996,1.44
New Hampshire,1997,0.08
New Hampshire,1998,0.22
New Hampshire,1999,-0.14
New Hampshire,2000,0.69
New Hampshire,2001,-1.33
New Hampshire,2002,-0.15
New Hampshire,2003,0.63
New Hampshire,2004,0.0
New Hampshire,2005,1.61
New Hampshire,2006,1.4
New Hampshire,2007,0.46
New Hampshire,2008,1.99
New Hampshire,2009,0.92
New Hampshire,2010,0.24
New Hampshire,2011,1.36
New Hampshire,2012,-0.18
New Hampshire,2013,0.2
New Hampshire,2014,0.65
New Hampshire,2015,-0.2
New Hampshire,2016,-0.84
New Hampshire,2017,0.39
New Hampshire,2018,0.72
New Hampshire,2019,0.62
New Hampshire,2020,-0.55
New Hampshire,2021,0.06
New Hampshire,2022,-0.04
New Hampshire,2023,1.26
New Jersey,1974,0.0
New Jersey,1975,1.28
New Jersey,1976,-0.54
New Jersey,1977,0.09
New Jersey,1978,0.3
New Jersey,1979,1.2
New Jersey,1980,-0.79
New Jersey,1981,-0.51
New Jersey,1982,-0.41
New Jersey,1983,1.03
New Jersey,1984,0.35
New Jersey,1985,-0.55
New Jersey,1986,-0.2
New Jersey,1987,-0.07
New Jersey,1988,-0.63
New Jersey,1989,1.04
New Jersey,1990,0.21
New Jersey,1991,-0.69
New Jersey,1992,0.01
New Jersey,1993,-0.21
New Jersey,1994,0.17
New Jersey,1995,-0.67
New Jersey,1996,1.53
New Jersey,1997,-0.2
New Jersey,1998,-0.67
New Jersey,1999,-0.21
New Jersey,2000,0.12
New Jersey,2001,-1.1
New Jersey,2002,-0.32
New Jersey,2003,1.23
New Jersey,2004,0.29
New Jersey,2005,0.19
New Jersey,2006,0.52
New Jersey,2007,-0.12
New Jersey,2008,0.04
New Jersey,2009,0.82
New Jersey,2010,-0.55
New Jersey,2011,1.36
New Jersey,2012,-0.64
New Jersey,2013,0.15
New Jersey,2014,0.35
New Jersey,2015,-0.39
New Jersey,2016,-0.95
New Jersey,2017,-0.17
New Jersey,2018,1.65
New Jersey,2019,0.49
New Jersey,2020,0.14
New Jersey,2021,0.16
New Jersey,2022,-0.47
New Jersey,2023,0.24
New Mexico,1974,-0.13
New Mexico,1975,0.46
New Mexico,1976,-0.77
New Mexico,1977,-0.44
New Mexico,1978,0.45
New Mexico,1979,1.06
New Mexico,1980,-0.3
New Mexico,1981,-0.38
New Mexico,1982,0.09
New Mexico,1983,0.71
New Mexico,1984,0.91
New Mexico,1985,1.8
New Mexico,1986,1.34
New Mexico,1987,1.51
New Mexico,1988,0.66
New Mexico,1989,-1.09
New Mexico,1990,0.25
New Mexico,1991,1.3
New Mexico,1992,1.29
New Mexico,1993,0.5
New Mexico,1994,-0.37
New Mexico,1995,-0.68
New Mexico,1996,-0.77
New Mexico,1997,0.87
New Mexico,1998,0.2
New Mexico,1999,-0.32
New Mexico,2000,-0.9
New Mexico,2001,-0.15
New Mexico,2002,-0.96
New Mexico,2003,-1.66
New Mexico,2004,0.51
New Mexico,2005,0.45
New Mexico,2006,-0.44
New Mexico,2007,-0.01
New Mexico,2008,-0.22
New Mexico,2009,-1.16
New Mexico,2010,0.4
New Mexico,2011,-1.7
New Mexico,2012,-1.91
New Mexico,2013,-0.53
New Mexico,2014,-0.99
New Mexico,2015,0.87
New Mexico,2016,-0.78
New Mexico,2017,-0.43
New Mexico,2018,-1.19
New Mexico,2019,-0.32
New Mexico,2020,-1.68
New Mexico,2021,-1.11
New Mexico,2022,-0.73
New Mexico,2023,-1.15
New York,1974,0.58
New York,1975,0.93
New York,1976,1.38
New York,1977,1.31
New York,1978,-0.09
New York,1979,0.47
New York,1980,-0.57
New York,1981,0.15
New York,1982,-0.4
New York,1983,0.45
New York,1984,0.33
New York,1985,-0.15
New York,1986,0.84
New York,1987,-0.13
New York,1988,-0.67
New York,1989,0.41
New York,1990,1.24
New York,1991,-0.91
New York,1992,0.81
New York,1993,0.12
New York,1994,0.46
New York,1995,-0.78
New York,1996,1.64
New York,1997,0.04
New York,1998,-0.04
New York,1999,-0.54
New York,2000,1.06
New York,2001,-1.2
New York,2002,0.21
New York,2003,1.16
New York,2004,0.78
New York,2005,0.46
New York,2006,1.14
New York,2007,0.27
New York,2008,1.21
New York,2009,0.45
New York,2010,0.17
New York,2011,2.0
New York,2012,-0.57
New York,2013,0.57
New York,2014,0.53
New York,2015,-0.22
New York,2016,-0.67
New York,2017,0.9
New York,2018,1.1
New York,2019,1.03
New York,2020,-0.44
New York,2021,0.69
New York,2022,0.2
New York,2023,0.98
North Carolina,1974,0.54
North Carolina,1975,0.9
North Carolina,1976,-0.13
North Carolina,1977,-0.24
North Carolina,1978,-0.03
North Carolina,1979,1.24
North Carolina,1980,-0.58
North Carolina,1981,-0.71
North Carolina,1982,0.51
North Carolina,1983,0.31
North Carolina,1984,0.31
North Carolina,1985,-0.34
North Carolina,1986,-1.56
North Carolina,1987,-0.37
North Carolina,1988,-0.79
North Carolina,1989,1.42
North Carolina,1990,-0.5
North Carolina,1991,-0.38
North Carolina,1992,0.64
North Carolina,1993,-0.74
North Carolina,1994,0.18
North Carolina,1995,0.52
North Carolina,1996,0.97
North Carolina,1997,-0.2
North Carolina,1998,-0.03
North Carolina,1999,0.13
North Carolina,2000,-0.48
North Carolina,2001,-1.22
North Carolina,2002,-0.7
North Carolina,2003,1.62
North Carolina,2004,0.0
North Carolina,2005,-0.1
North Carolina,2006,0.25
North Carolina,2007,-2.12
North Carolina,2008,-0.57
North Carolina,2009,0.4
North Carolina,2010,-0.75
North Carolina,2011,-0.74
North Carolina,2012,-0.46
North Carolina,2013,1.0
North Carolina,2014,0.19
North Carolina,2015,0.5
North Carolina,2016,-0.16
North Carolina,2017,-0.29
North Carolina,2018,1.7
North Carolina,2019,-0.32
North Carolina,2020,1.66
North Carolina,2021,-0.2
North Carolina,2022,-0.58
North Carolina,2023,-0.13
North Dakota,1974,0.09
North Dakota,1975,1.54
North Dakota,1976,-0.97
North Dakota,1977,0.13
North Dakota,1978,0.51
North Dakota,1979,0.17
North Dakota,1980,-0.79
North Dakota,1981,-0.69
North Dakota,1982,1.31
North Dakota,1983,0.67
North Dakota,1984,-0.15
North Dakota,1985,0.02
North Dakota,1986,1.33
North Dakota,1987,-0.19
North Dakota,1988,-2.14
North Dakota,1989,-0.94
North Dakota,1990,-1.15
North Dakota,1991,-0.34
North Dakota,1992,-0.57
North Dakota,1993,1.86
North Dakota,1994,1.7
North Dakota,1995,1.76
North Dakota,1996,1.32
North Dakota,1997,0.5
North Dakota,1998,0.78
North Dakota,1999,1.56
North Dakota,2000,1.19
North Dakota,2001,0.15
North Dakota,2002,-0.55
North Dakota,2003,-0.59
North Dakota,2004,0.62
North Dakota,2005,0.88
North Dakota,2006,-0.83
North Dakota,2007,0.23
North Dakota,2008,0.2
North Dakota,2009,1.69
North Dakota,2010,2.45
North Dakota,2011,2.1
North Dakota,2012,-0.93
North Dakota,2013,2.06
North Dakota,2014,1.4
North Dakota,2015,0.03
North Dakota,2016,0.31
North Dakota,2017,-1.16
North Dakota,2018,-0.26
North Dakota,2019,2.14
North Dakota,2020,0.1
North Dakota,2021,-1.37
North Dakota,2022,0.91
North Dakota,2023,0.01
Ohio,1974,0.63
Ohio,1975,0.97
Ohio,1976,0.11
Ohio,1977,0.06
Ohio,1978,0.22
Ohio,1979,1.41
Ohio,1980,0.76
Ohio,1981,0.43
Ohio,1982,-0.11
Ohio,1983,0.22
Ohio,1984,-0.22
Ohio,1985,0.08
Ohio,1986,0.36
Ohio,1987,-1.02
Ohio,1988,-1.01
Ohio,1989,0.89
Ohio,1990,1.95
Ohio,1991,-1.67
Ohio,1992,0.82
Ohio,1993,0.16
Ohio,1994,-0.38
Ohio,1995,0.1
Ohio,1996,1.46
Ohio,1997,0.46
Ohio,1998,-0.1
Ohio,1999,-1.28
Ohio,2000,0.56
Ohio,2001,-0.03
Ohio,2002,-0.31
Ohio,2003,1.49
Ohio,2004,1.18
Ohio,2005,-0.12
Ohio,2006,1.0
Ohio,2007,-0.14
Ohio,2008,0.62
Ohio,2009,0.09
Ohio,2010,-0.59
Ohio,2011,2.18
Ohio,2012,-0.42
Ohio,2013,0.79
Ohio,2014,0.4
Ohio,2015,0.51
Ohio,2016,-0.62
Ohio,2017,0.84
Ohio,2018,1.71
Ohio,2019,0.97
Ohio,2020,0.28
Ohio,2021,0.58
Ohio,2022,0.26
Ohio,2023,-0.19
Oklahoma,1974,0.91
Oklahoma,1975,0.7
Oklahoma,1976,-0.65
Oklahoma,1977,-0.61
Oklahoma,1978,-0.81
Oklahoma,1979,0.47
Oklahoma,1980,-0.99
Oklahoma,1981,-0.27
Oklahoma,1982,0.52
Oklahoma,1983,0.28
Oklahoma,1984,0.32
Oklahoma,1985,1.2
Oklahoma,1986,0.85
Oklahoma,1987,1.07
Oklahoma,1988,-0.36
Oklahoma,1989,0.53
Oklahoma,1990,0.76
Oklahoma,1991,0.58
Oklahoma,1992,1.47
Oklahoma,1993,0.92
Oklahoma,1994,0.44
Oklahoma,1995,0.79
Oklahoma,1996,0.26
Oklahoma,1997,1.1
Oklahoma,1998,0.1
Oklahoma,1999,0.39
Oklahoma,2000,0.37
Oklahoma,2001,-0.32
Oklahoma,2002,0.28
Oklahoma,2003,-0.46
Oklahoma,2004,0.79
Oklahoma,2005,-0.58
Oklahoma,2006,-1.53
Oklahoma,2007,1.23
Oklahoma,2008,0.68
Oklahoma,2009,0.51
Oklahoma,2010,-0.13
Oklahoma,2011,-1.58
Oklahoma,2012,-1.28
Oklahoma,2013,0.41
Oklahoma,2014,-0.25
Oklahoma,2015,2.02
Oklahoma,2016,-0.43
Oklahoma,2017,0.21
Oklahoma,2018,0.66
Oklahoma,2019,1.36
Oklahoma,2020,0.69
Oklahoma,2021,0.13
Oklahoma,2022,-0.88
Oklahoma,2023,0.42
Oregon,1974,-0.41
Oregon,1975,0.69
Oregon,1976,-0.93
Oregon,1977,-0.24
Oregon,1978,-0.12
Oregon,1979,-0.01
Oregon,1980,0.12
Oregon,1981,0.74
Oregon,1982,0.93
Oregon,1983,1.52
Oregon,1984,1.17
Oregon,1985,-0.89
Oregon,1986,-0.04
Oregon,1987,-1.09
Oregon,1988,-0.42
Oregon,1989,-0.55
Oregon,1990,-0.28
Oregon,1991,-0.13
Oregon,1992,-1.22
Oregon,1993,0.44
Oregon,1994,-0.67
Oregon,1995,1.07
Oregon,1996,1.56
Oregon,1997,0.15
Oregon,1998,1.06
Oregon,1999,-0.16
Oregon,2000,-0.65
Oregon,2001,-0.88
Oregon,2002,-1.17
Oregon,2003,-0.64
Oregon,2004,-0.36
Oregon,2005,0.07
Oregon,2006,0.01
Oregon,2007,-0.73
Oregon,2008,-0.65
Oregon,2009,-0.39
Oregon,2010,0.95
Oregon,2011,0.15
Oregon,2012,0.81
Oregon,2013,-0.9
Oregon,2014,-0.1
Oregon,2015,-1.13
Oregon,2016,-0.16
Oregon,2017,0.16
Oregon,2018,-1.3
Oregon,2019,-0.25
Oregon,2020,-0.67
Oregon,2021,-1.24
Oregon,2022,-0.29
Oregon,2023,-0.71
Pennsylvania,1974,0.48
Pennsylvania,1975,1.18
Pennsylvania,1976,0.3
Pennsylvania,1977,0.6
Pennsylvania,1978,0.35
Pennsylvania,1979,0.91
Pennsylvania,1980,-0.52
Pennsylvania,1981,0.01
Pennsylvania,1982,-0.47
Pennsylvania,1983,0.35
Pennsylvania,1984,0.75
Pennsylvania,1985,-0.09
Pennsylvania,1986,0.31
Pennsylvania,1987,-0.15
Pennsylvania,1988,-0.93
Pennsylvania,1989,0.38
Pennsylvania,1990,0.98
Pennsylvania,1991,-1.96
Pennsylvania,1992,0.42
Pennsylvania,1993,0.46
Pennsylvania,1994,1.0
Pennsylvania,1995,-0.77
Pennsylvania,1996,2.0
Pennsylvania,1997,-0.25
Pennsylvania,1998,-0.71
Pennsylvania,1999,-0.41
Pennsylvania,2000,0.02
Pennsylvania,2001,-1.19
Pennsylvania,2002,-0.09
Pennsylvania,2003,1.61
Pennsylvania,2004,1.5
Pennsylvania,2005,-0.19
Pennsylvania,2006,0.69
Pennsylvania,2007,-0.01
Pennsylvania,2008,0.53
Pennsylvania,2009,0.29
Pennsylvania,2010,-0.32
Pennsylvania,2011,2.05
Pennsylvania,2012,-0.14
Pennsylvania,2013,0.11
Pennsylvania,2014,0.25
Pennsylvania,2015,-0.05
Pennsylvania,2016,-0.79
Pennsylvania,2017,0.51
Pennsylvania,2018,2.75
Pennsylvania,2019,1.01
Pennsylvania,2020,-0.21
Pennsylvania,2021,0.39
Pennsylvania,2022,0.14
Pennsylvania,2023,0.17
Rhode Island,1974,-0.15
Rhode Island,1975,0.74
Rhode Island,1976,-0.21
Rhode Island,1977,0.65
Rhode Island,1978,0.14
Rhode Island,1979,0.86
Rhode Island,1980,-0.76
Rhode Island,1981,-0.44
Rhode Island,1982,0.4
Rhode Island,1983,1.3
Rhode Island,1984,0.61
Rhode Island,1985,-0.16
Rhode Island,1986,0.46
Rhode Island,1987,-0.4
Rhode Island,1988,-0.14
Rhode Island,1989,1.1
Rhode Island,1990,0.34
Rhode Island,1991,-0.13
Rhode Island,1992,0.44
Rhode Island,1993,-0.38
Rhode Island,1994,-0.19
Rhode Island,1995,-0.55
Rhode Island,1996,1.11
Rhode Island,1997,-0.51
Rhode Island,1998,0.87
Rhode Island,1999,-0.24
Rhode Island,2000,0.44
Rhode Island,2001,-0.29
Rhode Island,2002,-0.02
Rhode Island,2003,0.85
Rhode Island,2004,0.15
Rhode Island,2005,0.86
Rhode Island,2006,0.88
Rhode Island,2007,-0.38
Rhode Island,2008,0.97
Rhode Island,2009,0.91
Rhode Island,2010,0.35
Rhode Island,2011,1.0
Rhode Island,2012,-0.53
Rhode Island,2013,-0.32
Rhode Island,2014,0.09
Rhode Island,2015,-0.72
Rhode Island,2016,-0.64
Rhode Island,2017,0.23
Rhode Island,2018,1.24
Rhode Island,2019,1.08
Rhode Island,2020,-0.47
Rhode Island,2021,0.36
Rhode Island,2022,-0.19
Rhode Island,2023,0.96
South Carolina,1974,0.32
South Carolina,1975,1.14
South Carolina,1976,0.78
South Carolina,1977,-0.67
South Carolina,1978,-0.6
South Carolina,1979,1.1
South Carolina,1980,-0.38
South Carolina,1981,-0.81
South Carolina,1982,0.39
South Carolina,1983,0.25
South Carolina,1984,0.12
South Carolina,1985,-0.08
South Carolina,1986,-1.04
South Carolina,1987,-0.15
South Carolina,1988,-0.61
South Carolina,1989,0.93
South Carolina,1990,-0.51
South Carolina,1991,0.3
South Carolina,1992,1.0
South Carolina,1993,-0.63
South Carolina,1994,0.91
South Carolina,1995,0.74
South Carolina,1996,-0.1
South Carolina,1997,0.91
South Carolina,1998,0.0
South Carolina,1999,-0.39
South Carolina,2000,-0.71
South Carolina,2001,-1.52
South Carolina,2002,-0.59
South Carolina,2003,0.9
South Carolina,2004,-0.24
South Carolina,2005,0.08
South Carolina,2006,-0.4
South Carolina,2007,-1.61
South Carolina,2008,-0.31
South Carolina,2009,0.29
South Carolina,2010,-1.12
South Carolina,2011,-1.54
South Carolina,2012,-0.51
South Carolina,2013,1.08
South Carolina,2014,-0.03
South Carolina,2015,0.68
South Carolina,2016,-0.44
South Carolina,2017,-0.25
South Carolina,2018,0.69
South Carolina,2019,-0.64
South Carolina,2020,1.08
South Carolina,2021,-0.09
South Carolina,2022,-0.44
South Carolina,2023,0.39
South Dakota,1974,-1.24
South Dakota,1975,0.09
South Dakota,1976,-1.55
South Dakota,1977,1.0
South Dakota,1978,0.87
South Dakota,1979,0.46
South Dakota,1980,-1.35
South Dakota,1981,-1.17
South Dakota,1982,1.84
South Dakota,1983,1.37
South Dakota,1984,1.36
South Dakota,1985,0.11
South Dakota,1986,1.93
South Dakota,1987,0.11
South Dakota,1988,-1.46
South Dakota,1989,-0.8
South Dakota,1990,-0.76
South Dakota,1991,0.15
South Dakota,1992,0.28
South Dakota,1993,2.48
South Dakota,1994,0.9
South Dakota,1995,2.27
South Dakota,1996,1.98
South Dakota,1997,1.83
South Dakota,1998,1.72
South Dakota,1999,1.53
South Dakota,2000,0.25
South Dakota,2001,0.68
South Dakota,2002,-1.21
South Dakota,2003,-0.65
South Dakota,2004,0.03
South Dakota,2005,0.17
South Dakota,2006,-0.78
South Dakota,2007,0.52
South Dakota,2008,1.54
South Dakota,2009,2.22
South Dakota,2010,2.37
South Dakota,2011,1.74
South Dakota,2012,-1.62
South Dakota,2013,1.6
South Dakota,2014,1.54
South Dakota,2015,0.92
South Dakota,2016,0.4
South Dakota,2017,-0.4
South Dakota,2018,1.02
South Dakota,2019,3.87
South Dakota,2020,0.59
South Dakota,2021,-0.73
South Dakota,2022,-0.3
South Dakota,2023,1.09
Tennessee,1974,1.13
Tennessee,1975,1.05
Tennessee,1976,0.04
Tennessee,1977,0.43
Tennessee,1978,-0.24
Tennessee,1979,1.69
Tennessee,1980,-0.81
Tennessee,1981,-0.07
Tennessee,1982,0.55
Tennessee,1983,0.2
Tennessee,1984,0.54
Tennessee,1985,-0.54
Tennessee,1986,-0.79
Tennessee,1987,-1.05
Tennessee,1988,-0.56
Tennessee,1989,1.62
Tennessee,1990,0.53
Tennessee,1991,0.51
Tennessee,1992,0.34
Tennessee,1993,-0.4
Tennessee,1994,1.17
Tennessee,1995,0.22
Tennessee,1996,1.14
Tennessee,1997,0.67
Tennessee,1998,0.35
Tennessee,1999,-0.77
Tennessee,2000,-0.73
Tennessee,2001,0.39
Tennessee,2002,0.49
Tennessee,2003,1.25
Tennessee,2004,1.06
Tennessee,2005,-0.66
Tennessee,2006,-0.25
Tennessee,2007,-1.76
Tennessee,2008,-0.32
Tennessee,2009,1.11
Tennessee,2010,-0.47
Tennessee,2011,0.86
Tennessee,2012,-0.76
Tennessee,2013,1.35
Tennessee,2014,0.56
Tennessee,2015,0.72
Tennessee,2016,-0.8
Tennessee,2017,0.56
Tennessee,2018,1.37
Tennessee,2019,1.28
Tennessee,2020,1.3
Tennessee,2021,0.9
Tennessee,2022,0.01
Tennessee,2023,-0.2
Texas,1974,0.62
Texas,1975,0.85
Texas,1976,0.23
Texas,1977,-0.4
Texas,1978,-0.57
Texas,1979,1.3
Texas,1980,-0.56
Texas,1981,0.53
Texas,1982,0.07
Texas,1983,0.29
Texas,1984,-0.34
Texas,1985,0.72
Texas,1986,0.55
Texas,1987,1.32
Texas,1988,-0.82
Texas,1989,-0.47
Texas,1990,0.31
Texas,1991,1.34
Texas,1992,1.67
Texas,1993,0.61
Texas,1994,0.01
Texas,1995,0.52
Texas,1996,-1.1
Texas,1997,1.35
Texas,1998,-0.19
Texas,1999,-0.62
Texas,2000,-0.87
Texas,2001,0.33
Texas,2002,0.3
Texas,2003,-0.44
Texas,2004,1.69
Texas,2005,-0.56
Texas,2006,-1.43
Texas,2007,2.05
Texas,2008,-0.97
Texas,2009,-0.76
Texas,2010,0.27
Texas,2011,-2.66
Texas,2012,-0.97
Texas,2013,-0.77
Texas,2014,-0.8
Texas,2015,2.08
Texas,2016,0.84
Texas,2017,-0.16
Texas,2018,0.31
Texas,2019,0.37
Texas,2020,-0.78
Texas,2021,-0.18
Texas,2022,-1.7
Texas,2023,-1.19
Utah,1974,-1.05
Utah,1975,0.75
Utah,1976,-0.96
Utah,1977,-1.79
Utah,1978,1.03
Utah,1979,0.31
Utah,1980,1.46
Utah,1981,-0.43
Utah,1982,1.77
Utah,1983,2.44
Utah,1984,1.52
Utah,1985,0.8
Utah,1986,0.59
Utah,1987,-0.22
Utah,1988,-0.52
Utah,1989,-1.62
Utah,1990,-1.35
Utah,1991,-0.21
Utah,1992,-0.73
Utah,1993,1.16
Utah,1994,-0.56
Utah,1995,1.24
Utah,1996,-0.34
Utah,1997,1.37
Utah,1998,1.48
Utah,1999,-0.14
Utah,2000,-0.73
Utah,2001,-0.76
Utah,2002,-1.7
Utah,2003,-1.27
Utah,2004,0.23
Utah,2005,1.46
Utah,2006,-0.18
Utah,2007,-1.22
Utah,2008,-0.35
Utah,2009,-0.58
Utah,2010,0.87
Utah,2011,1.37
Utah,2012,-1.69
Utah,2013,-0.69
Utah,2014,-0.83
Utah,2015,-0.59
Utah,2016,-0.36
Utah,2017,-0.25
Utah,2018,-1.56
Utah,2019,1.42
Utah,2020,-1.83
Utah,2021,-1.13
Utah,2022,-1.1
Utah,2023,0.74
Vermont,1974,0.72
Vermont,1975,0.48
Vermont,1976,1.45
Vermont,1977,0.57
Vermont,1978,-0.2
Vermont,1979,-0.1
Vermont,1980,-0.84
Vermont,1981,0.78
Vermont,1982,-0.59
Vermont,1983,1.22
Vermont,1984,0.11
Vermont,1985,-0.27
Vermont,1986,0.65
Vermont,1987,-0.14
Vermont,1988,-0.64
Vermont,1989,0.35
Vermont,1990,1.44
Vermont,1991,-0.29
Vermont,1992,-0.21
Vermont,1993,-0.04
Vermont,1994,0.18
Vermont,1995,-0.3
Vermont,1996,1.27
Vermont,1997,0.35
Vermont,1998,0.6
Vermont,1999,-0.44
Vermont,2000,1.0
Vermont,2001,-1.34
Vermont,2002,0.46
Vermont,2003,0.81
Vermont,2004,0.03
Vermont,2005,0.91
Vermont,2006,1.26
Vermont,2007,0.8
Vermont,2008,1.64
Vermont,2009,0.64
Vermont,2010,0.5
Vermont,2011,1.73
Vermont,2012,-0.45
Vermont,2013,0.47
Vermont,2014,0.45
Vermont,2015,-0.24
Vermont,2016,-0.71
Vermont,2017,0.33
Vermont,2018,0.36
Vermont,2019,0.95
Vermont,2020,-0.57
Vermont,2021,-0.31
Vermont,2022,-0.04
Vermont,2023,1.25
Virginia,1974,0.14
Virginia,1975,1.17
Virginia,1976,-0.07
Virginia,1977,-0.66
Virginia,1978,0.29
Virginia,1979,1.62
Virginia,1980,-0.93
Virginia,1981,-0.64
Virginia,1982,0.56
Virginia,1983,0.29
Virginia,1984,0.25
Virginia,1985,0.0
Virginia,1986,-1.34
Virginia,1987,0.11
Virginia,1988,-0.86
Virginia,1989,1.32
Virginia,1990,-0.01
Virginia,1991,-0.98
Virginia,1992,0.39
Virginia,1993,-0.06
Virginia,1994,0.27
Virginia,1995,0.12
Virginia,1996,1.68
Virginia,1997,-0.49
Virginia,1998,-0.18
Virginia,1999,-0.36
Virginia,2000,-0.08
Virginia,2001,-0.88
Virginia,2002,-0.46
Virginia,2003,2.26
Virginia,2004,0.73
Virginia,2005,-0.5
Virginia,2006,0.28
Virginia,2007,-1.33
Virginia,2008,-0.44
Virginia,2009,1.0
Virginia,2010,-0.71
Virginia,2011,0.32
Virginia,2012,-0.64
Virginia,2013,1.17
Virginia,2014,0.15
Virginia,2015,0.62
Virginia,2016,0.08
Virginia,2017,-0.47
Virginia,2018,2.14
Virginia,2019,0.11
Virginia,2020,1.87
Virginia,2021,-0.44
Virginia,2022,0.09
Virginia,2023,-0.34
Washington,1974,0.39
Washington,1975,0.9
Washington,1976,-0.61
Washington,1977,0.01
Washington,1978,-0.25
Washington,1979,-0.58
Washington,1980,0.35
Washington,1981,0.55
Washington,1982,0.43
Washington,1983,1.02
Washington,1984,0.74
Washington,1985,-1.07
Washington,1986,-0.25
Washington,1987,-1.09
Washington,1988,-0.23
Washington,1989,-0.63
Washington,1990,0.77
Washington,1991,0.0
Washington,1992,-1.06
Washington,1993,-0.33
Washington,1994,-0.26
Washington,1995,0.62
Washington,1996,1.19
Washington,1997,1.26
Washington,1998,0.16
Washington,1999,0.64
Washington,2000,-0.65
Washington,2001,-0.24
Washington,2002,-0.69
Washington,2003,-0.49
Washington,2004,-0.6
Washington,2005,-0.28
Washington,2006,0.26
Washington,2007,-0.41
Washington,2008,-0.55
Washington,2009,-0.35
Washington,2010,0.8
Washington,2011,0.41
Washington,2012,1.22
Washington,2013,-0.34
Washington,2014,0.44
Washington,2015,-0.83
Washington,2016,0.05
Washington,2017,0.34
Washington,2018,-0.65
Washington,2019,-0.95
Washington,2020,0.08
Washington,2021,-0.66
Washington,2022,0.13
Washington,2023,-1.15
West Virginia,1974,0.48
West Virginia,1975,0.92
West Virginia,1976,0.13
West Virginia,1977,-0.34
West Virginia,1978,0.5
West Virginia,1979,1.32
West Virginia,1980,0.24
West Virginia,1981,-0.08
West Virginia,1982,0.18
West Virginia,1983,-0.07
West Virginia,1984,0.16
West Virginia,1985,-0.11
West Virginia,1986,-0.18
West Virginia,1987,-1.0
West Virginia,1988,-1.17
West Virginia,1989,1.41
West Virginia,1990,0.58
West Virginia,1991,-1.09
West Virginia,1992,-0.07
West Virginia,1993,-0.1
West Virginia,1994,0.66
West Virginia,1995,-0.2
West Virginia,1996,2.04
West Virginia,1997,-0.11
West Virginia,1998,-0.37
West Virginia,1999,-1.16
West Virginia,2000,-0.04
West Virginia,2001,-0.64
West Virginia,2002,0.27
West Virginia,2003,1.93
West Virginia,2004,1.04
West Virginia,2005,-0.62
West Virginia,2006,0.0
West Virginia,2007,-0.69
West Virginia,2008,0.15
West Virginia,2009,0.43
West Virginia,2010,-0.61
West Virginia,2011,1.06
West Virginia,2012,-0.22
West Virginia,2013,0.57
West Virginia,2014,-0.01
West Virginia,2015,0.32
West Virginia,2016,-0.29
West Virginia,2017,0.18
West Virginia,2018,2.38
West Virginia,2019,0.09
West Virginia,2020,1.01
West Virginia,2021,-0.23
West Virginia,2022,0.7
West Virginia,2023,-0.55
Wisconsin,1974,-0.05
Wisconsin,1975,0.24
Wisconsin,1976,-1.84
Wisconsin,1977,-0.29
Wisconsin,1978,0.85
Wisconsin,1979,0.73
Wisconsin,1980,0.47
Wisconsin,1981,0.28
Wisconsin,1982,1.19
Wisconsin,1983,0.59
Wisconsin,1984,0.74
Wisconsin,1985,0.9
Wisconsin,1986,0.61
Wisconsin,1987,-0.61
Wisconsin,1988,-1.39
Wisconsin,1989,-1.0
Wisconsin,1990,0.77
Wisconsin,1991,1.0
Wisconsin,1992,0.35
Wisconsin,1993,1.09
Wisconsin,1994,0.03
Wisconsin,1995,0.35
Wisconsin,1996,0.69
Wisconsin,1997,0.15
Wisconsin,1998,-0.22
Wisconsin,1999,0.22
Wisconsin,2000,0.45
Wisconsin,2001,0.47
Wisconsin,2002,0.78
Wisconsin,2003,-0.64
Wisconsin,2004,0.7
Wisconsin,2005,-0.75
Wisconsin,2006,-0.36
Wisconsin,2007,0.22
Wisconsin,2008,0.23
Wisconsin,2009,0.12
Wisconsin,2010,0.86
Wisconsin,2011,-0.05
Wisconsin,2012,-0.89
Wisconsin,2013,0.86
Wisconsin,2014,1.12
Wisconsin,2015,0.69
Wisconsin,2016,1.09
Wisconsin,2017,1.15
Wisconsin,2018,1.35
Wisconsin,2019,2.17
Wisconsin,2020,0.68
Wisconsin,2021,-0.47
Wisconsin,2022,0.14
Wisconsin,2023,-0.58
Wyoming,1974,-0.41
Wyoming,1975,0.73
Wyoming,1976,0.08
Wyoming,1977,-1.41
Wyoming,1978,0.75
Wyoming,1979,-0.45
Wyoming,1980,-0.06
Wyoming,1981,-0.95
Wyoming,1982,1.7
Wyoming,1983,1.73
Wyoming,1984,0.77
Wyoming,1985,-0.84
Wyoming,1986,0.68
Wyoming,1987,-0.5
Wyoming,1988,-1.96
Wyoming,1989,-0.87
Wyoming,1990,-0.69
Wyoming,1991,0.09
Wyoming,1992,-1.27
Wyoming,1993,1.39
Wyoming,1994,-0.27
Wyoming,1995,1.85
Wyoming,1996,0.8
Wyoming,1997,1.33
Wyoming,1998,1.46
Wyoming,1999,0.55
Wyoming,2000,-1.46
Wyoming,2001,-2.5
Wyoming,2002,-2.23
Wyoming,2003,-0.95
Wyoming,2004,-1.33
Wyoming,2005,-0.47
Wyoming,2006,-1.5
Wyoming,2007,-1.6
Wyoming,2008,-0.08
Wyoming,2009,0.6
Wyoming,2010,0.49
Wyoming,2011,0.99
Wyoming,2012,-2.49
Wyoming,2013,-0.86
Wyoming,2014,0.93
Wyoming,2015,-0.16
Wyoming,2016,-0.31
Wyoming,2017,0.52
Wyoming,2018,-0.11
Wyoming,2019,0.96
Wyoming,2020,-0.9
Wyoming,2021,-1.7
Wyoming,2022,-1.05
Wyoming,2023,1.05
