State,Year,August Palmer Modified Drought Index (PMDI)
Alabama,1974,1.99
Alabama,1975,4.54
Alabama,1976,2.28
Alabama,1977,-1.96
Alabama,1978,0.12
Alabama,1979,2.32
Alabama,1980,-1.58
Alabama,1981,-2.38
Alabama,1982,0.73
Alabama,1983,-0.28
Alabama,1984,1.42
Alabama,1985,0.96
Alabama,1986,-3.35
Alabama,1987,-1.64
Alabama,1988,-3.36
Alabama,1989,2.07
Alabama,1990,-1.74
Alabama,1991,1.34
Alabama,1992,1.49
Alabama,1993,-1.55
Alabama,1994,1.76
Alabama,1995,-1.53
Alabama,1996,0.46
Alabama,1997,1.75
Alabama,1998,-1.85
Alabama,1999,-1.0
Alabama,2000,-5.25
Alabama,2001,1.71
Alabama,2002,-1.92
Alabama,2003,4.61
Alabama,2004,1.21
Alabama,2005,3.65
Alabama,2006,-3.37
Alabama,2007,-5.05
Alabama,2008,0.2
Alabama,2009,1.32
Alabama,2010,-1.63
Alabama,2011,-3.87
Alabama,2012,-0.85
Alabama,2013,3.3
Alabama,2014,0.26
Alabama,2015,-0.65
Alabama,2016,-1.76
Alabama,2017,3.36
Alabama,2018,-0.45
Alabama,2019,-0.91
Alabama,2020,2.52
Alabama,2021,4.43
Alabama,2022,1.01
Alabama,2023,0.36
Arizona,1974,-3.37
Arizona,1975,-1.82
Arizona,1976,-1.72
Arizona,1977,-2.35
Arizona,1978,1.48
Arizona,1979,5.84
Arizona,1980,3.29
Arizona,1981,-2.39
Arizona,1982,1.18
Arizona,1983,5.72
Arizona,1984,2.11
Arizona,1985,1.18
Arizona,1986,-0.05
Arizona,1987,-0.32
Arizona,1988,1.83
Arizona,1989,-3.87
Arizona,1990,-0.78
Arizona,1991,-0.62
Arizona,1992,5.27
Arizona,1993,4.91
Arizona,1994,-2.77
Arizona,1995,0.95
Arizona,1996,-5.19
Arizona,1997,-3.71
Arizona,1998,2.61
Arizona,1999,0.97
Arizona,2000,-4.29
Arizona,2001,-0.61
Arizona,2002,-6.2
Arizona,2003,-3.88
Arizona,2004,-4.37
Arizona,2005,3.85
Arizona,2006,-3.05
Arizona,2007,-4.11
Arizona,2008,0.97
Arizona,2009,-4.06
Arizona,2010,1.36
Arizona,2011,-3.48
Arizona,2012,-2.82
Arizona,2013,-1.56
Arizona,2014,-2.33
Arizona,2015,-0.86
Arizona,2016,-1.91
Arizona,2017,-0.93
Arizona,2018,-4.08
Arizona,2019,-1.91
Arizona,2020,-2.57
Arizona,2021,-1.4
Arizona,2022,-1.57
Arizona,2023,-1.37
Arkansas,1974,3.8
Arkansas,1975,3.7
Arkansas,1976,-0.31
Arkansas,1977,-1.67
Arkansas,1978,-0.22
Arkansas,1979,3.64
Arkansas,1980,-3.06
Arkansas,1981,1.71
Arkansas,1982,0.83
Arkansas,1983,-1.07
Arkansas,1984,0.6
Arkansas,1985,-0.94
Arkansas,1986,-0.19
Arkansas,1987,-1.93
Arkansas,1988,-2.04
Arkansas,1989,3.3
Arkansas,1990,-0.6
Arkansas,1991,0.51
Arkansas,1992,2.03
Arkansas,1993,-1.02
Arkansas,1994,1.9
Arkansas,1995,-0.9
Arkansas,1996,0.53
Arkansas,1997,1.44
Arkansas,1998,-2.36
Arkansas,1999,-1.75
Arkansas,2000,-2.66
Arkansas,2001,-1.7
Arkansas,2002,0.11
Arkansas,2003,1.03
Arkansas,2004,1.62
Arkansas,2005,-2.4
Arkansas,2006,-3.52
Arkansas,2007,-1.51
Arkansas,2008,2.52
Arkansas,2009,3.36
Arkansas,2010,-1.99
Arkansas,2011,-2.04
Arkansas,2012,-3.47
Arkansas,2013,0.86
Arkansas,2014,1.86
Arkansas,2015,2.05
Arkansas,2016,2.89
Arkansas,2017,2.75
Arkansas,2018,0.6
Arkansas,2019,4.96
Arkansas,2020,4.58
Arkansas,2021,3.1
Arkansas,2022,0.39
Arkansas,2023,0.72
California,1974,0.24
California,1975,0.89
California,1976,-2.77
California,1977,-4.88
California,1978,1.73
California,1979,0.37
California,1980,1.71
California,1981,-2.64
California,1982,3.07
California,1983,6.45
California,1984,-0.36
California,1985,-3.27
California,1986,-1.09
California,1987,-3.4
California,1988,-0.01
California,1989,-2.08
California,1990,-2.3
California,1991,1.07
California,1992,-2.86
California,1993,2.89
California,1994,-2.41
California,1995,5.71
California,1996,1.59
California,1997,-2.86
California,1998,6.6
California,1999,1.66
California,2000,-0.82
California,2001,-2.89
California,2002,-3.28
California,2003,1.04
California,2004,-3.23
California,2005,3.99
California,2006,0.36
California,2007,-4.42
California,2008,-4.2
California,2009,-3.28
California,2010,1.16
California,2011,3.5
California,2012,-0.99
California,2013,-3.23
California,2014,-6.35
California,2015,-4.75
California,2016,-2.55
California,2017,0.08
California,2018,-2.71
California,2019,1.51
California,2020,-1.83
California,2021,-6.87
California,2022,-4.79
California,2023,1.36
Colorado,1974,-2.29
Colorado,1975,0.37
Colorado,1976,-1.22
Colorado,1977,-3.88
Colorado,1978,-2.48
Colorado,1979,3.49
Colorado,1980,0.13
Colorado,1981,-3.1
Colorado,1982,1.78
Colorado,1983,4.5
Colorado,1984,4.49
Colorado,1985,1.78
Colorado,1986,2.8
Colorado,1987,3.49
Colorado,1988,0.53
Colorado,1989,-2.28
Colorado,1990,-1.74
Colorado,1991,1.03
Colorado,1992,2.19
Colorado,1993,2.7
Colorado,1994,-1.56
Colorado,1995,4.44
Colorado,1996,-0.53
Colorado,1997,3.82
Colorado,1998,3.32
Colorado,1999,4.29
Colorado,2000,-3.22
Colorado,2001,-2.38
Colorado,2002,-9.09
Colorado,2003,-4.88
Colorado,2004,-2.68
Colorado,2005,0.21
Colorado,2006,-2.67
Colorado,2007,0.1
Colorado,2008,0.89
Colorado,2009,0.5
Colorado,2010,1.37
Colorado,2011,0.38
Colorado,2012,-6.75
Colorado,2013,-5.9
Colorado,2014,1.26
Colorado,2015,2.7
Colorado,2016,0.41
Colorado,2017,0.67
Colorado,2018,-6.27
Colorado,2019,0.87
Colorado,2020,-5.54
Colorado,2021,-4.94
Colorado,2022,-4.95
Colorado,2023,2.47
Connecticut,1974,-0.82
Connecticut,1975,1.0
Connecticut,1976,1.41
Connecticut,1977,-0.71
Connecticut,1978,0.32
Connecticut,1979,0.0
Connecticut,1980,-1.09
Connecticut,1981,-2.52
Connecticut,1982,1.34
Connecticut,1983,-0.39
Connecticut,1984,2.51
Connecticut,1985,1.26
Connecticut,1986,1.25
Connecticut,1987,-1.8
Connecticut,1988,-1.08
Connecticut,1989,3.38
Connecticut,1990,2.57
Connecticut,1991,1.13
Connecticut,1992,2.22
Connecticut,1993,-2.55
Connecticut,1994,0.91
Connecticut,1995,-2.9
Connecticut,1996,0.96
Connecticut,1997,0.33
Connecticut,1998,0.77
Connecticut,1999,-3.12
Connecticut,2000,2.0
Connecticut,2001,-0.58
Connecticut,2002,-1.87
Connecticut,2003,1.11
Connecticut,2004,0.61
Connecticut,2005,-1.91
Connecticut,2006,3.17
Connecticut,2007,-0.76
Connecticut,2008,1.89
Connecticut,2009,2.7
Connecticut,2010,-2.12
Connecticut,2011,2.99
Connecticut,2012,-1.92
Connecticut,2013,1.41
Connecticut,2014,-0.56
Connecticut,2015,-2.57
Connecticut,2016,-3.85
Connecticut,2017,-1.83
Connecticut,2018,0.68
Connecticut,2019,1.57
Connecticut,2020,-2.31
Connecticut,2021,2.04
Connecticut,2022,-2.92
Connecticut,2023,2.37
Delaware,1974,-0.74
Delaware,1975,1.89
Delaware,1976,-2.65
Delaware,1977,-3.09
Delaware,1978,2.28
Delaware,1979,2.85
Delaware,1980,-1.54
Delaware,1981,-1.52
Delaware,1982,-0.49
Delaware,1983,0.1
Delaware,1984,1.41
Delaware,1985,-1.62
Delaware,1986,-3.49
Delaware,1987,-3.26
Delaware,1988,-2.31
Delaware,1989,3.97
Delaware,1990,0.79
Delaware,1991,-1.94
Delaware,1992,-0.19
Delaware,1993,-1.79
Delaware,1994,0.72
Delaware,1995,-3.23
Delaware,1996,2.96
Delaware,1997,-0.31
Delaware,1998,-1.26
Delaware,1999,-3.71
Delaware,2000,2.1
Delaware,2001,1.42
Delaware,2002,-3.8
Delaware,2003,3.7
Delaware,2004,1.78
Delaware,2005,-0.09
Delaware,2006,0.1
Delaware,2007,-2.25
Delaware,2008,-2.45
Delaware,2009,1.95
Delaware,2010,-3.0
Delaware,2011,-0.37
Delaware,2012,-3.5
Delaware,2013,3.07
Delaware,2014,0.17
Delaware,2015,-0.38
Delaware,2016,-0.54
Delaware,2017,1.97
Delaware,2018,1.38
Delaware,2019,-0.05
Delaware,2020,1.28
Delaware,2021,0.42
Delaware,2022,-2.83
Delaware,2023,-1.24
Florida,1974,1.42
Florida,1975,0.42
Florida,1976,-0.65
Florida,1977,-2.48
Florida,1978,1.41
Florida,1979,-0.87
Florida,1980,-1.52
Florida,1981,-2.54
Florida,1982,1.67
Florida,1983,-0.21
Florida,1984,1.32
Florida,1985,-1.04
Florida,1986,-1.71
Florida,1987,-2.9
Florida,1988,-0.81
Florida,1989,-2.03
Florida,1990,-2.53
Florida,1991,2.65
Florida,1992,0.78
Florida,1993,-3.08
Florida,1994,1.41
Florida,1995,2.39
Florida,1996,-0.33
Florida,1997,-0.14
Florida,1998,-4.17
Florida,1999,-2.73
Florida,2000,-5.18
Florida,2001,-1.69
Florida,2002,0.63
Florida,2003,3.07
Florida,2004,0.21
Florida,2005,1.86
Florida,2006,-3.89
Florida,2007,-6.22
Florida,2008,1.35
Florida,2009,-0.47
Florida,2010,-1.62
Florida,2011,-5.14
Florida,2012,1.24
Florida,2013,2.66
Florida,2014,-1.05
Florida,2015,-1.32
Florida,2016,-0.87
Florida,2017,1.76
Florida,2018,2.1
Florida,2019,-0.08
Florida,2020,-0.56
Florida,2021,1.32
Florida,2022,-0.71
Florida,2023,-1.1
Georgia,1974,1.06
Georgia,1975,2.85
Georgia,1976,1.41
Georgia,1977,-2.38
Georgia,1978,-0.63
Georgia,1979,1.18
Georgia,1980,-2.55
Georgia,1981,-3.36
Georgia,1982,0.63
Georgia,1983,-1.94
Georgia,1984,2.28
Georgia,1985,0.35
Georgia,1986,-3.42
Georgia,1987,-2.14
Georgia,1988,-3.52
Georgia,1989,2.14
Georgia,1990,-2.91
Georgia,1991,3.54
Georgia,1992,1.79
Georgia,1993,-3.06
Georgia,1994,2.97
Georgia,1995,-0.82
Georgia,1996,-1.25
Georgia,1997,-0.6
Georgia,1998,-2.52
Georgia,1999,-3.3
Georgia,2000,-4.98
Georgia,2001,-0.68
Georgia,2002,-4.1
Georgia,2003,4.27
Georgia,2004,-0.71
Georgia,2005,3.91
Georgia,2006,-3.62
Georgia,2007,-4.6
Georgia,2008,-1.68
Georgia,2009,-0.52
Georgia,2010,-1.65
Georgia,2011,-5.27
Georgia,2012,-2.84
Georgia,2013,5.09
Georgia,2014,-1.19
Georgia,2015,-0.91
Georgia,2016,-2.94
Georgia,2017,0.27
Georgia,2018,1.62
Georgia,2019,-2.17
Georgia,2020,0.84
Georgia,2021,2.83
Georgia,2022,-1.19
Georgia,2023,1.07
Idaho,1974,-1.92
Idaho,1975,2.68
Idaho,1976,2.52
Idaho,1977,-2.08
Idaho,1978,1.86
Idaho,1979,-1.43
Idaho,1980,2.19
Idaho,1981,0.87
Idaho,1982,3.2
Idaho,1983,5.1
Idaho,1984,5.6
Idaho,1985,-2.36
Idaho,1986,-0.42
Idaho,1987,-1.69
Idaho,1988,-4.18
Idaho,1989,-1.16
Idaho,1990,0.48
Idaho,1991,0.8
Idaho,1992,-3.65
Idaho,1993,4.0
Idaho,1994,-3.79
Idaho,1995,4.07
Idaho,1996,0.19
Idaho,1997,3.22
Idaho,1998,2.84
Idaho,1999,1.57
Idaho,2000,-3.3
Idaho,2001,-4.36
Idaho,2002,-2.99
Idaho,2003,-3.19
Idaho,2004,0.6
Idaho,2005,0.83
Idaho,2006,-1.82
Idaho,2007,-4.07
Idaho,2008,-1.32
Idaho,2009,2.22
Idaho,2010,2.41
Idaho,2011,2.99
Idaho,2012,-0.86
Idaho,2013,-2.84
Idaho,2014,-0.81
Idaho,2015,-2.68
Idaho,2016,-3.01
Idaho,2017,-1.79
Idaho,2018,-1.37
Idaho,2019,-0.82
Idaho,2020,-0.24
Idaho,2021,-4.64
Idaho,2022,-0.33
Idaho,2023,0.54
Illinois,1974,2.7
Illinois,1975,2.39
Illinois,1976,-1.34
Illinois,1977,0.64
Illinois,1978,0.65
Illinois,1979,1.99
Illinois,1980,0.06
Illinois,1981,3.71
Illinois,1982,3.04
Illinois,1983,-0.83
Illinois,1984,-1.74
Illinois,1985,1.57
Illinois,1986,-0.35
Illinois,1987,-0.4
Illinois,1988,-4.13
Illinois,1989,-1.02
Illinois,1990,2.92
Illinois,1991,-2.59
Illinois,1992,0.21
Illinois,1993,4.69
Illinois,1994,0.55
Illinois,1995,0.33
Illinois,1996,0.78
Illinois,1997,0.61
Illinois,1998,1.96
Illinois,1999,-0.18
Illinois,2000,1.75
Illinois,2001,0.37
Illinois,2002,1.16
Illinois,2003,0.47
Illinois,2004,1.66
Illinois,2005,-2.9
Illinois,2006,-1.47
Illinois,2007,-0.79
Illinois,2008,2.5
Illinois,2009,4.95
Illinois,2010,3.92
Illinois,2011,1.32
Illinois,2012,-4.28
Illinois,2013,0.74
Illinois,2014,1.96
Illinois,2015,3.56
Illinois,2016,3.71
Illinois,2017,1.08
Illinois,2018,1.76
Illinois,2019,4.14
Illinois,2020,2.41
Illinois,2021,2.01
Illinois,2022,1.47
Illinois,2023,-0.6
Indiana,1974,1.18
Indiana,1975,2.24
Indiana,1976,-0.27
Indiana,1977,1.53
Indiana,1978,2.09
Indiana,1979,4.1
Indiana,1980,2.33
Indiana,1981,2.41
Indiana,1982,1.77
Indiana,1983,-1.97
Indiana,1984,-1.54
Indiana,1985,1.02
Indiana,1986,0.71
Indiana,1987,-0.12
Indiana,1988,-3.81
Indiana,1989,2.21
Indiana,1990,3.88
Indiana,1991,-2.68
Indiana,1992,2.04
Indiana,1993,2.97
Indiana,1994,0.27
Indiana,1995,-0.22
Indiana,1996,1.28
Indiana,1997,2.98
Indiana,1998,2.6
Indiana,1999,-1.75
Indiana,2000,1.33
Indiana,2001,1.21
Indiana,2002,-0.45
Indiana,2003,2.54
Indiana,2004,3.34
Indiana,2005,-0.15
Indiana,2006,1.9
Indiana,2007,-1.25
Indiana,2008,2.28
Indiana,2009,2.84
Indiana,2010,0.07
Indiana,2011,0.37
Indiana,2012,-4.02
Indiana,2013,-0.43
Indiana,2014,2.18
Indiana,2015,3.52
Indiana,2016,3.15
Indiana,2017,2.19
Indiana,2018,2.79
Indiana,2019,4.15
Indiana,2020,1.81
Indiana,2021,1.35
Indiana,2022,1.35
Indiana,2023,0.49
Iowa,1974,2.56
Iowa,1975,-0.47
Iowa,1976,-2.1
Iowa,1977,-1.68
Iowa,1978,2.15
Iowa,1979,3.26
Iowa,1980,1.36
Iowa,1981,1.58
Iowa,1982,3.5
Iowa,1983,0.56
Iowa,1984,1.16
Iowa,1985,-1.45
Iowa,1986,2.36
Iowa,1987,1.79
Iowa,1988,-4.27
Iowa,1989,-4.97
Iowa,1990,3.64
Iowa,1991,-0.39
Iowa,1992,1.6
Iowa,1993,9.15
Iowa,1994,1.38
Iowa,1995,0.45
Iowa,1996,1.49
Iowa,1997,-0.67
Iowa,1998,2.59
Iowa,1999,2.59
Iowa,2000,-0.45
Iowa,2001,-0.39
Iowa,2002,0.81
Iowa,2003,-1.13
Iowa,2004,1.93
Iowa,2005,-0.51
Iowa,2006,-0.92
Iowa,2007,3.3
Iowa,2008,4.76
Iowa,2009,4.7
Iowa,2010,6.52
Iowa,2011,2.16
Iowa,2012,-3.95
Iowa,2013,-0.91
Iowa,2014,3.01
Iowa,2015,3.78
Iowa,2016,4.17
Iowa,2017,0.75
Iowa,2018,2.48
Iowa,2019,3.42
Iowa,2020,-1.02
Iowa,2021,-0.53
Iowa,2022,-1.07
Iowa,2023,-2.37
Kansas,1974,1.44
Kansas,1975,1.56
Kansas,1976,-1.29
Kansas,1977,1.53
Kansas,1978,-0.76
Kansas,1979,2.04
Kansas,1980,-2.03
Kansas,1981,-0.57
Kansas,1982,2.48
Kansas,1983,-1.35
Kansas,1984,-1.21
Kansas,1985,2.91
Kansas,1986,2.91
Kansas,1987,4.72
Kansas,1988,-1.82
Kansas,1989,-0.07
Kansas,1990,1.12
Kansas,1991,-3.49
Kansas,1992,3.02
Kansas,1993,7.8
Kansas,1994,1.6
Kansas,1995,3.88
Kansas,1996,1.37
Kansas,1997,3.19
Kansas,1998,1.53
Kansas,1999,4.15
Kansas,2000,-1.36
Kansas,2001,0.98
Kansas,2002,-3.37
Kansas,2003,-0.31
Kansas,2004,1.63
Kansas,2005,3.26
Kansas,2006,-1.9
Kansas,2007,2.63
Kansas,2008,3.21
Kansas,2009,4.16
Kansas,2010,3.84
Kansas,2011,-2.6
Kansas,2012,-3.9
Kansas,2013,0.16
Kansas,2014,-0.12
Kansas,2015,2.26
Kansas,2016,3.0
Kansas,2017,1.87
Kansas,2018,-1.66
Kansas,2019,6.26
Kansas,2020,2.39
Kansas,2021,-0.21
Kansas,2022,-3.35
Kansas,2023,-3.04
Kentucky,1974,2.89
Kentucky,1975,1.17
Kentucky,1976,0.85
Kentucky,1977,1.36
Kentucky,1978,1.4
Kentucky,1979,4.73
Kentucky,1980,-1.0
Kentucky,1981,1.11
Kentucky,1982,1.1
Kentucky,1983,-1.97
Kentucky,1984,-0.96
Kentucky,1985,1.19
Kentucky,1986,-2.79
Kentucky,1987,-2.49
Kentucky,1988,-3.53
Kentucky,1989,3.41
Kentucky,1990,0.32
Kentucky,1991,-1.89
Kentucky,1992,1.64
Kentucky,1993,-0.78
Kentucky,1994,0.49
Kentucky,1995,-0.78
Kentucky,1996,1.39
Kentucky,1997,1.91
Kentucky,1998,1.43
Kentucky,1999,-3.47
Kentucky,2000,-0.46
Kentucky,2001,0.11
Kentucky,2002,-1.51
Kentucky,2003,3.15
Kentucky,2004,2.98
Kentucky,2005,0.77
Kentucky,2006,-0.54
Kentucky,2007,-3.54
Kentucky,2008,-1.04
Kentucky,2009,2.22
Kentucky,2010,-0.79
Kentucky,2011,1.0
Kentucky,2012,-2.59
Kentucky,2013,2.69
Kentucky,2014,1.95
Kentucky,2015,3.54
Kentucky,2016,3.31
Kentucky,2017,1.28
Kentucky,2018,2.69
Kentucky,2019,4.62
Kentucky,2020,4.54
Kentucky,2021,3.54
Kentucky,2022,2.94
Kentucky,2023,1.14
Louisiana,1974,2.33
Louisiana,1975,4.95
Louisiana,1976,-0.36
Louisiana,1977,1.03
Louisiana,1978,0.56
Louisiana,1979,2.08
Louisiana,1980,-2.47
Louisiana,1981,-1.93
Louisiana,1982,-1.91
Louisiana,1983,2.65
Louisiana,1984,1.39
Louisiana,1985,-1.32
Louisiana,1986,-2.22
Louisiana,1987,0.88
Louisiana,1988,0.14
Louisiana,1989,3.05
Louisiana,1990,-1.84
Louisiana,1991,4.11
Louisiana,1992,3.1
Louisiana,1993,0.46
Louisiana,1994,1.11
Louisiana,1995,-0.14
Louisiana,1996,0.14
Louisiana,1997,0.85
Louisiana,1998,-3.43
Louisiana,1999,-2.08
Louisiana,2000,-4.7
Louisiana,2001,1.98
Louisiana,2002,-1.12
Louisiana,2003,0.72
Louisiana,2004,1.67
Louisiana,2005,-1.83
Louisiana,2006,-3.77
Louisiana,2007,-0.02
Louisiana,2008,0.03
Louisiana,2009,-1.85
Louisiana,2010,-2.01
Louisiana,2011,-5.91
Louisiana,2012,1.76
Louisiana,2013,-0.88
Louisiana,2014,2.06
Louisiana,2015,-1.59
Louisiana,2016,4.46
Louisiana,2017,4.8
Louisiana,2018,-2.39
Louisiana,2019,3.06
Louisiana,2020,2.24
Louisiana,2021,4.34
Louisiana,2022,1.68
Louisiana,2023,-3.72
Maine,1974,2.81
Maine,1975,-1.77
Maine,1976,3.75
Maine,1977,1.03
Maine,1978,-2.16
Maine,1979,0.93
Maine,1980,-1.51
Maine,1981,1.65
Maine,1982,0.01
Maine,1983,0.9
Maine,1984,2.58
Maine,1985,-1.09
Maine,1986,1.74
Maine,1987,-2.05
Maine,1988,0.31
Maine,1989,0.84
Maine,1990,1.4
Maine,1991,1.85
Maine,1992,0.62
Maine,1993,-1.3
Maine,1994,-0.44
Maine,1995,-2.43
Maine,1996,2.24
Maine,1997,1.87
Maine,1998,0.83
Maine,1999,-2.56
Maine,2000,0.7
Maine,2001,-3.62
Maine,2002,-2.2
Maine,2003,-2.16
Maine,2004,1.83
Maine,2005,2.35
Maine,2006,4.52
Maine,2007,2.12
Maine,2008,4.14
Maine,2009,4.96
Maine,2010,-1.66
Maine,2011,4.27
Maine,2012,-0.19
Maine,2013,2.75
Maine,2014,2.77
Maine,2015,0.96
Maine,2016,-0.72
Maine,2017,-0.89
Maine,2018,-0.9
Maine,2019,2.44
Maine,2020,-1.76
Maine,2021,-2.21
Maine,2022,0.74
Maine,2023,3.99
Maryland,1974,-0.58
Maryland,1975,2.33
Maryland,1976,-2.02
Maryland,1977,-2.72
Maryland,1978,2.31
Maryland,1979,3.14
Maryland,1980,-1.19
Maryland,1981,-0.61
Maryland,1982,-0.5
Maryland,1983,-1.76
Maryland,1984,2.64
Maryland,1985,-1.56
Maryland,1986,-2.91
Maryland,1987,-3.31
Maryland,1988,-2.11
Maryland,1989,2.5
Maryland,1990,1.44
Maryland,1991,-3.26
Maryland,1992,-0.76
Maryland,1993,-2.04
Maryland,1994,0.56
Maryland,1995,-2.93
Maryland,1996,3.6
Maryland,1997,-1.08
Maryland,1998,-0.81
Maryland,1999,-4.4
Maryland,2000,1.97
Maryland,2001,0.75
Maryland,2002,-4.46
Maryland,2003,4.04
Maryland,2004,3.38
Maryland,2005,-0.02
Maryland,2006,-1.29
Maryland,2007,-2.68
Maryland,2008,-0.02
Maryland,2009,1.62
Maryland,2010,-2.78
Maryland,2011,0.83
Maryland,2012,-2.48
Maryland,2013,1.5
Maryland,2014,1.18
Maryland,2015,0.31
Maryland,2016,-0.68
Maryland,2017,1.58
Maryland,2018,3.22
Maryland,2019,1.85
Maryland,2020,1.35
Maryland,2021,0.33
Maryland,2022,-0.51
Maryland,2023,-2.33
Massachusetts,1974,-0.44
Massachusetts,1975,1.41
Massachusetts,1976,1.18
Massachusetts,1977,0.55
Massachusetts,1978,-0.15
Massachusetts,1979,1.14
Massachusetts,1980,-1.86
Massachusetts,1981,-2.37
Massachusetts,1982,1.42
Massachusetts,1983,0.01
Massachusetts,1984,2.45
Massachusetts,1985,1.17
Massachusetts,1986,2.08
Massachusetts,1987,-1.83
Massachusetts,1988,0.45
Massachusetts,1989,2.58
Massachusetts,1990,2.58
Massachusetts,1991,1.07
Massachusetts,1992,1.55
Massachusetts,1993,-2.84
Massachusetts,1994,0.55
Massachusetts,1995,-2.8
Massachusetts,1996,1.78
Massachusetts,1997,-0.01
Massachusetts,1998,1.16
Massachusetts,1999,-2.68
Massachusetts,2000,2.31
Massachusetts,2001,0.43
Massachusetts,2002,-2.11
Massachusetts,2003,1.81
Massachusetts,2004,0.72
Massachusetts,2005,-1.21
Massachusetts,2006,3.35
Massachusetts,2007,-0.39
Massachusetts,2008,2.67
Massachusetts,2009,4.15
Massachusetts,2010,-2.08
Massachusetts,2011,2.74
Massachusetts,2012,-1.37
Massachusetts,2013,1.78
Massachusetts,2014,0.71
Massachusetts,2015,-0.85
Massachusetts,2016,-3.33
Massachusetts,2017,0.45
Massachusetts,2018,0.88
Massachusetts,2019,2.68
Massachusetts,2020,-2.17
Massachusetts,2021,2.94
Massachusetts,2022,-3.06
Massachusetts,2023,3.05
Michigan,1974,1.73
Michigan,1975,3.33
Michigan,1976,-1.58
Michigan,1977,-1.99
Michigan,1978,0.42
Michigan,1979,2.28
Michigan,1980,1.19
Michigan,1981,0.99
Michigan,1982,1.27
Michigan,1983,-1.01
Michigan,1984,-0.87
Michigan,1985,2.2
Michigan,1986,1.81
Michigan,1987,-0.41
Michigan,1988,-2.94
Michigan,1989,-0.44
Michigan,1990,1.05
Michigan,1991,-0.64
Michigan,1992,1.38
Michigan,1993,2.78
Michigan,1994,3.27
Michigan,1995,-0.44
Michigan,1996,0.87
Michigan,1997,1.34
Michigan,1998,-2.65
Michigan,1999,0.16
Michigan,2000,1.38
Michigan,2001,-0.8
Michigan,2002,0.84
Michigan,2003,-1.44
Michigan,2004,2.21
Michigan,2005,-2.72
Michigan,2006,-0.08
Michigan,2007,-1.52
Michigan,2008,-0.06
Michigan,2009,3.11
Michigan,2010,0.46
Michigan,2011,1.07
Michigan,2012,-1.93
Michigan,2013,2.47
Michigan,2014,2.76
Michigan,2015,0.47
Michigan,2016,1.07
Michigan,2017,2.6
Michigan,2018,1.48
Michigan,2019,2.54
Michigan,2020,3.81
Michigan,2021,1.6
Michigan,2022,0.51
Michigan,2023,1.08
Minnesota,1974,1.47
Minnesota,1975,-0.01
Minnesota,1976,-4.24
Minnesota,1977,-3.9
Minnesota,1978,2.92
Minnesota,1979,3.54
Minnesota,1980,-0.98
Minnesota,1981,1.65
Minnesota,1982,1.11
Minnesota,1983,2.14
Minnesota,1984,-0.4
Minnesota,1985,3.17
Minnesota,1986,4.11
Minnesota,1987,-1.53
Minnesota,1988,-5.34
Minnesota,1989,-2.7
Minnesota,1990,-0.17
Minnesota,1991,0.55
Minnesota,1992,2.49
Minnesota,1993,5.75
Minnesota,1994,3.01
Minnesota,1995,2.41
Minnesota,1996,0.27
Minnesota,1997,2.34
Minnesota,1998,0.51
Minnesota,1999,3.53
Minnesota,2000,1.84
Minnesota,2001,1.34
Minnesota,2002,2.75
Minnesota,2003,-1.35
Minnesota,2004,1.47
Minnesota,2005,1.13
Minnesota,2006,-2.54
Minnesota,2007,-2.18
Minnesota,2008,-0.57
Minnesota,2009,-0.27
Minnesota,2010,1.89
Minnesota,2011,2.88
Minnesota,2012,-2.24
Minnesota,2013,-0.7
Minnesota,2014,2.67
Minnesota,2015,1.54
Minnesota,2016,3.52
Minnesota,2017,3.01
Minnesota,2018,1.76
Minnesota,2019,3.91
Minnesota,2020,2.97
Minnesota,2021,-3.64
Minnesota,2022,-0.65
Minnesota,2023,-3.76
Mississippi,1974,3.66
Mississippi,1975,4.9
Mississippi,1976,-0.23
Mississippi,1977,-1.72
Mississippi,1978,0.22
Mississippi,1979,3.38
Mississippi,1980,0.42
Mississippi,1981,-2.81
Mississippi,1982,0.11
Mississippi,1983,2.12
Mississippi,1984,1.27
Mississippi,1985,0.03
Mississippi,1986,-2.97
Mississippi,1987,-0.43
Mississippi,1988,-2.67
Mississippi,1989,3.12
Mississippi,1990,-0.97
Mississippi,1991,2.43
Mississippi,1992,2.34
Mississippi,1993,0.38
Mississippi,1994,1.86
Mississippi,1995,-0.25
Mississippi,1996,0.34
Mississippi,1997,2.36
Mississippi,1998,-1.89
Mississippi,1999,-2.09
Mississippi,2000,-4.71
Mississippi,2001,1.92
Mississippi,2002,-0.15
Mississippi,2003,3.87
Mississippi,2004,3.25
Mississippi,2005,1.99
Mississippi,2006,-3.18
Mississippi,2007,-3.04
Mississippi,2008,1.35
Mississippi,2009,0.49
Mississippi,2010,-1.29
Mississippi,2011,-3.53
Mississippi,2012,2.16
Mississippi,2013,1.7
Mississippi,2014,2.36
Mississippi,2015,-0.54
Mississippi,2016,0.45
Mississippi,2017,3.46
Mississippi,2018,-0.52
Mississippi,2019,3.28
Mississippi,2020,3.83
Mississippi,2021,5.48
Mississippi,2022,1.45
Mississippi,2023,-1.23
Missouri,1974,2.73
Missouri,1975,0.66
Missouri,1976,-1.56
Missouri,1977,-0.64
Missouri,1978,1.56
Missouri,1979,1.88
Missouri,1980,-3.29
Missouri,1981,3.25
Missouri,1982,3.54
Missouri,1983,-1.74
Missouri,1984,-1.22
Missouri,1985,3.41
Missouri,1986,-0.64
Missouri,1987,0.22
Missouri,1988,-2.39
Missouri,1989,1.01
Missouri,1990,2.28
Missouri,1991,-1.77
Missouri,1992,1.0
Missouri,1993,4.76
Missouri,1994,1.47
Missouri,1995,2.88
Missouri,1996,0.92
Missouri,1997,1.07
Missouri,1998,2.06
Missouri,1999,-0.88
Missouri,2000,-0.91
Missouri,2001,0.79
Missouri,2002,0.13
Missouri,2003,-1.1
Missouri,2004,2.35
Missouri,2005,-0.44
Missouri,2006,-2.01
Missouri,2007,-0.77
Missouri,2008,4.24
Missouri,2009,4.19
Missouri,2010,3.24
Missouri,2011,0.59
Missouri,2012,-4.31
Missouri,2013,2.18
Missouri,2014,0.69
Missouri,2015,3.8
Missouri,2016,3.18
Missouri,2017,2.36
Missouri,2018,-0.49
Missouri,2019,4.66
Missouri,2020,3.48
Missouri,2021,2.4
Missouri,2022,0.12
Missouri,2023,-0.03
Montana,1974,1.61
Montana,1975,4.65
Montana,1976,4.08
Montana,1977,-3.9
Montana,1978,3.61
Montana,1979,-1.17
Montana,1980,-2.62
Montana,1981,1.26
Montana,1982,2.96
Montana,1983,1.37
Montana,1984,-1.25
Montana,1985,-2.27
Montana,1986,0.82
Montana,1987,1.31
Montana,1988,-7.25
Montana,1989,0.15
Montana,1990,0.32
Montana,1991,1.05
Montana,1992,-1.86
Montana,1993,5.25
Montana,1994,-1.61
Montana,1995,3.16
Montana,1996,-0.18
Montana,1997,4.36
Montana,1998,0.89
Montana,1999,1.52
Montana,2000,-3.91
Montana,2001,-5.85
Montana,2002,-3.7
Montana,2003,-3.63
Montana,2004,-3.55
Montana,2005,-1.75
Montana,2006,-2.51
Montana,2007,-1.75
Montana,2008,0.74
Montana,2009,0.72
Montana,2010,3.04
Montana,2011,5.44
Montana,2012,-3.03
Montana,2013,1.24
Montana,2014,2.86
Montana,2015,-2.07
Montana,2016,-2.41
Montana,2017,-3.58
Montana,2018,0.45
Montana,2019,1.71
Montana,2020,1.1
Montana,2021,-4.18
Montana,2022,-3.15
Montana,2023,-1.53
Nebraska,1974,0.65
Nebraska,1975,-1.4
Nebraska,1976,-2.48
Nebraska,1977,2.41
Nebraska,1978,2.54
Nebraska,1979,3.42
Nebraska,1980,-0.36
Nebraska,1981,-0.77
Nebraska,1982,2.64
Nebraska,1983,4.07
Nebraska,1984,3.67
Nebraska,1985,0.27
Nebraska,1986,2.48
Nebraska,1987,3.78
Nebraska,1988,-1.31
Nebraska,1989,-4.34
Nebraska,1990,-2.89
Nebraska,1991,-3.52
Nebraska,1992,2.96
Nebraska,1993,8.12
Nebraska,1994,4.26
Nebraska,1995,3.79
Nebraska,1996,2.79
Nebraska,1997,2.25
Nebraska,1998,4.12
Nebraska,1999,4.5
Nebraska,2000,-3.23
Nebraska,2001,0.52
Nebraska,2002,-4.18
Nebraska,2003,-3.52
Nebraska,2004,-2.78
Nebraska,2005,0.53
Nebraska,2006,-3.1
Nebraska,2007,2.92
Nebraska,2008,3.7
Nebraska,2009,5.77
Nebraska,2010,7.37
Nebraska,2011,5.52
Nebraska,2012,-5.7
Nebraska,2013,-3.2
Nebraska,2014,2.6
Nebraska,2015,3.5
Nebraska,2016,3.68
Nebraska,2017,1.23
Nebraska,2018,3.23
Nebraska,2019,8.51
Nebraska,2020,2.54
Nebraska,2021,-0.98
Nebraska,2022,-5.47
Nebraska,2023,-2.58
Nevada,1974,-2.8
Nevada,1975,2.47
Nevada,1976,-0.46
Nevada,1977,-1.79
Nevada,1978,2.36
Nevada,1979,2.87
Nevada,1980,3.91
Nevada,1981,-3.93
Nevada,1982,1.84
Nevada,1983,7.71
Nevada,1984,7.27
Nevada,1985,-2.21
Nevada,1986,-1.05
Nevada,1987,-2.13
Nevada,1988,-0.67
Nevada,1989,-2.11
Nevada,1990,-3.67
Nevada,1991,-2.07
Nevada,1992,-4.1
Nevada,1993,2.73
Nevada,1994,-3.96
Nevada,1995,7.67
Nevada,1996,-0.98
Nevada,1997,0.62
Nevada,1998,7.56
Nevada,1999,0.38
Nevada,2000,-2.76
Nevada,2001,-4.03
Nevada,2002,-5.22
Nevada,2003,-3.38
Nevada,2004,-2.67
Nevada,2005,5.77
Nevada,2006,0.54
Nevada,2007,-5.85
Nevada,2008,-4.07
Nevada,2009,-2.75
Nevada,2010,-0.8
Nevada,2011,3.52
Nevada,2012,-4.51
Nevada,2013,-5.36
Nevada,2014,-3.6
Nevada,2015,-5.53
Nevada,2016,-1.18
Nevada,2017,1.36
Nevada,2018,-4.56
Nevada,2019,3.5
Nevada,2020,-4.0
Nevada,2021,-6.11
Nevada,2022,-4.07
Nevada,2023,5.31
New Hampshire,1974,0.18
New Hampshire,1975,0.79
New Hampshire,1976,2.32
New Hampshire,1977,-0.64
New Hampshire,1978,-1.33
New Hampshire,1979,-0.06
New Hampshire,1980,-2.52
New Hampshire,1981,1.08
New Hampshire,1982,0.61
New Hampshire,1983,-0.23
New Hampshire,1984,1.8
New Hampshire,1985,-1.51
New Hampshire,1986,1.84
New Hampshire,1987,-0.56
New Hampshire,1988,1.58
New Hampshire,1989,1.6
New Hampshire,1990,2.95
New Hampshire,1991,1.9
New Hampshire,1992,0.51
New Hampshire,1993,-1.76
New Hampshire,1994,0.4
New Hampshire,1995,-2.72
New Hampshire,1996,1.58
New Hampshire,1997,2.45
New Hampshire,1998,1.24
New Hampshire,1999,-2.34
New Hampshire,2000,1.77
New Hampshire,2001,-2.4
New Hampshire,2002,-1.73
New Hampshire,2003,0.52
New Hampshire,2004,1.83
New Hampshire,2005,2.12
New Hampshire,2006,5.55
New Hampshire,2007,2.34
New Hampshire,2008,4.92
New Hampshire,2009,5.22
New Hampshire,2010,-0.64
New Hampshire,2011,3.76
New Hampshire,2012,0.56
New Hampshire,2013,1.97
New Hampshire,2014,2.27
New Hampshire,2015,0.72
New Hampshire,2016,-1.79
New Hampshire,2017,1.41
New Hampshire,2018,0.84
New Hampshire,2019,2.04
New Hampshire,2020,-1.65
New Hampshire,2021,2.26
New Hampshire,2022,-1.37
New Hampshire,2023,3.86
New Jersey,1974,-0.39
New Jersey,1975,2.77
New Jersey,1976,-1.61
New Jersey,1977,-1.93
New Jersey,1978,2.31
New Jersey,1979,2.64
New Jersey,1980,-1.84
New Jersey,1981,-2.18
New Jersey,1982,-0.51
New Jersey,1983,-0.93
New Jersey,1984,2.45
New Jersey,1985,-1.24
New Jersey,1986,-1.08
New Jersey,1987,-0.34
New Jersey,1988,-1.61
New Jersey,1989,2.92
New Jersey,1990,1.22
New Jersey,1991,-1.03
New Jersey,1992,0.49
New Jersey,1993,-2.37
New Jersey,1994,1.21
New Jersey,1995,-3.51
New Jersey,1996,2.21
New Jersey,1997,1.17
New Jersey,1998,-1.4
New Jersey,1999,-3.79
New Jersey,2000,1.27
New Jersey,2001,-0.61
New Jersey,2002,-3.59
New Jersey,2003,2.35
New Jersey,2004,1.86
New Jersey,2005,-1.39
New Jersey,2006,1.05
New Jersey,2007,-0.3
New Jersey,2008,-1.54
New Jersey,2009,2.52
New Jersey,2010,-2.84
New Jersey,2011,3.36
New Jersey,2012,-2.03
New Jersey,2013,2.21
New Jersey,2014,0.74
New Jersey,2015,-0.91
New Jersey,2016,-2.0
New Jersey,2017,1.27
New Jersey,2018,1.68
New Jersey,2019,3.21
New Jersey,2020,0.72
New Jersey,2021,1.59
New Jersey,2022,-2.75
New Jersey,2023,-0.19
New Mexico,1974,-2.48
New Mexico,1975,1.04
New Mexico,1976,-2.3
New Mexico,1977,-0.07
New Mexico,1978,-1.53
New Mexico,1979,4.74
New Mexico,1980,-2.16
New Mexico,1981,0.87
New Mexico,1982,-0.89
New Mexico,1983,-0.07
New Mexico,1984,1.83
New Mexico,1985,4.46
New Mexico,1986,3.36
New Mexico,1987,6.9
New Mexico,1988,4.68
New Mexico,1989,-1.78
New Mexico,1990,0.4
New Mexico,1991,2.73
New Mexico,1992,5.92
New Mexico,1993,3.8
New Mexico,1994,-2.02
New Mexico,1995,-1.32
New Mexico,1996,-1.01
New Mexico,1997,1.3
New Mexico,1998,0.29
New Mexico,1999,1.92
New Mexico,2000,-4.09
New Mexico,2001,0.55
New Mexico,2002,-4.53
New Mexico,2003,-4.81
New Mexico,2004,-0.93
New Mexico,2005,1.68
New Mexico,2006,1.16
New Mexico,2007,0.15
New Mexico,2008,1.59
New Mexico,2009,-3.37
New Mexico,2010,1.81
New Mexico,2011,-6.03
New Mexico,2012,-5.5
New Mexico,2013,-3.97
New Mexico,2014,-3.08
New Mexico,2015,1.06
New Mexico,2016,-1.04
New Mexico,2017,0.5
New Mexico,2018,-4.83
New Mexico,2019,-2.74
New Mexico,2020,-4.27
New Mexico,2021,-2.89
New Mexico,2022,-2.21
New Mexico,2023,-3.85
New York,1974,1.62
New York,1975,2.13
New York,1976,4.53
New York,1977,1.0
New York,1978,-0.34
New York,1979,-0.05
New York,1980,-1.24
New York,1981,-0.49
New York,1982,-0.65
New York,1983,-0.43
New York,1984,2.59
New York,1985,-1.52
New York,1986,2.7
New York,1987,0.0
New York,1988,-0.49
New York,1989,1.24
New York,1990,2.63
New York,1991,-2.09
New York,1992,2.32
New York,1993,-2.04
New York,1994,2.36
New York,1995,-3.76
New York,1996,2.2
New York,1997,1.05
New York,1998,1.94
New York,1999,-3.53
New York,2000,3.22
New York,2001,-2.2
New York,2002,-1.77
New York,2003,1.67
New York,2004,3.84
New York,2005,-0.56
New York,2006,3.18
New York,2007,-0.84
New York,2008,2.84
New York,2009,3.52
New York,2010,1.16
New York,2011,5.09
New York,2012,-2.57
New York,2013,2.26
New York,2014,3.01
New York,2015,0.67
New York,2016,-1.65
New York,2017,2.97
New York,2018,1.43
New York,2019,3.15
New York,2020,-0.59
New York,2021,3.03
New York,2022,-0.2
New York,2023,2.88
North Carolina,1974,1.9
North Carolina,1975,0.79
North Carolina,1976,-0.51
North Carolina,1977,-2.24
North Carolina,1978,1.4
North Carolina,1979,0.81
North Carolina,1980,-1.93
North Carolina,1981,-1.56
North Carolina,1982,0.5
North Carolina,1983,-2.28
North Carolina,1984,2.28
North Carolina,1985,-0.34
North Carolina,1986,-2.86
North Carolina,1987,-2.62
North Carolina,1988,-2.6
North Carolina,1989,3.13
North Carolina,1990,-1.96
North Carolina,1991,0.41
North Carolina,1992,1.0
North Carolina,1993,-3.25
North Carolina,1994,0.45
North Carolina,1995,0.62
North Carolina,1996,1.52
North Carolina,1997,-1.36
North Carolina,1998,-0.82
North Carolina,1999,-3.03
North Carolina,2000,-1.23
North Carolina,2001,-0.74
North Carolina,2002,-4.73
North Carolina,2003,4.6
North Carolina,2004,1.2
North Carolina,2005,-0.34
North Carolina,2006,-0.26
North Carolina,2007,-4.28
North Carolina,2008,-3.85
North Carolina,2009,-1.23
North Carolina,2010,-2.87
North Carolina,2011,-2.68
North Carolina,2012,-1.09
North Carolina,2013,3.1
North Carolina,2014,0.2
North Carolina,2015,-1.72
North Carolina,2016,-1.31
North Carolina,2017,0.07
North Carolina,2018,1.55
North Carolina,2019,-0.29
North Carolina,2020,2.77
North Carolina,2021,1.92
North Carolina,2022,-2.09
North Carolina,2023,0.58
North Dakota,1974,0.98
North Dakota,1975,4.27
North Dakota,1976,-2.49
North Dakota,1977,-3.73
North Dakota,1978,2.76
North Dakota,1979,2.21
North Dakota,1980,-1.37
North Dakota,1981,-1.8
North Dakota,1982,0.86
North Dakota,1983,2.85
North Dakota,1984,-2.18
North Dakota,1985,0.49
North Dakota,1986,3.08
North Dakota,1987,2.06
North Dakota,1988,-7.07
North Dakota,1989,-4.09
North Dakota,1990,-3.57
North Dakota,1991,-3.22
North Dakota,1992,-1.75
North Dakota,1993,6.76
North Dakota,1994,4.22
North Dakota,1995,6.76
North Dakota,1996,3.55
North Dakota,1997,3.43
North Dakota,1998,0.51
North Dakota,1999,6.14
North Dakota,2000,3.45
North Dakota,2001,2.77
North Dakota,2002,-0.71
North Dakota,2003,-1.58
North Dakota,2004,1.22
North Dakota,2005,3.38
North Dakota,2006,-2.98
North Dakota,2007,1.48
North Dakota,2008,-2.47
North Dakota,2009,4.43
North Dakota,2010,6.41
North Dakota,2011,9.49
North Dakota,2012,-2.9
North Dakota,2013,3.76
North Dakota,2014,7.38
North Dakota,2015,1.44
North Dakota,2016,1.02
North Dakota,2017,-2.58
North Dakota,2018,-2.64
North Dakota,2019,2.1
North Dakota,2020,4.15
North Dakota,2021,-5.41
North Dakota,2022,2.83
North Dakota,2023,-0.49
Ohio,1974,1.93
Ohio,1975,1.77
Ohio,1976,1.14
Ohio,1977,0.43
Ohio,1978,0.34
Ohio,1979,3.31
Ohio,1980,4.83
Ohio,1981,1.75
Ohio,1982,-0.96
Ohio,1983,-1.49
Ohio,1984,-1.19
Ohio,1985,-0.15
Ohio,1986,0.43
Ohio,1987,-0.77
Ohio,1988,-4.06
Ohio,1989,1.88
Ohio,1990,3.39
Ohio,1991,-3.27
Ohio,1992,2.86
Ohio,1993,-1.44
Ohio,1994,0.5
Ohio,1995,-0.25
Ohio,1996,1.12
Ohio,1997,3.43
Ohio,1998,1.9
Ohio,1999,-2.95
Ohio,2000,1.1
Ohio,2001,-0.51
Ohio,2002,-1.9
Ohio,2003,3.26
Ohio,2004,3.85
Ohio,2005,-0.07
Ohio,2006,0.74
Ohio,2007,0.09
Ohio,2008,1.01
Ohio,2009,0.31
Ohio,2010,-0.77
Ohio,2011,2.04
Ohio,2012,-3.27
Ohio,2013,1.55
Ohio,2014,2.53
Ohio,2015,1.93
Ohio,2016,-0.93
Ohio,2017,1.32
Ohio,2018,2.64
Ohio,2019,4.78
Ohio,2020,0.1
Ohio,2021,1.29
Ohio,2022,2.39
Ohio,2023,1.21
Oklahoma,1974,2.35
Oklahoma,1975,4.33
Oklahoma,1976,-1.06
Oklahoma,1977,0.19
Oklahoma,1978,-2.29
Oklahoma,1979,2.3
Oklahoma,1980,-2.56
Oklahoma,1981,-1.75
Oklahoma,1982,1.83
Oklahoma,1983,-1.17
Oklahoma,1984,-1.89
Oklahoma,1985,2.11
Oklahoma,1986,1.22
Oklahoma,1987,3.31
Oklahoma,1988,-2.31
Oklahoma,1989,2.8
Oklahoma,1990,0.54
Oklahoma,1991,0.03
Oklahoma,1992,4.36
Oklahoma,1993,3.16
Oklahoma,1994,0.98
Oklahoma,1995,3.83
Oklahoma,1996,1.67
Oklahoma,1997,3.68
Oklahoma,1998,-3.07
Oklahoma,1999,1.29
Oklahoma,2000,-0.95
Oklahoma,2001,-1.98
Oklahoma,2002,0.66
Oklahoma,2003,0.49
Oklahoma,2004,2.0
Oklahoma,2005,0.51
Oklahoma,2006,-5.48
Oklahoma,2007,4.59
Oklahoma,2008,3.63
Oklahoma,2009,0.91
Oklahoma,2010,0.69
Oklahoma,2011,-5.61
Oklahoma,2012,-3.8
Oklahoma,2013,1.98
Oklahoma,2014,1.17
Oklahoma,2015,4.26
Oklahoma,2016,2.34
Oklahoma,2017,2.27
Oklahoma,2018,0.13
Oklahoma,2019,4.99
Oklahoma,2020,2.56
Oklahoma,2021,2.77
Oklahoma,2022,-2.48
Oklahoma,2023,1.64
Oregon,1974,-0.62
Oregon,1975,1.57
Oregon,1976,1.19
Oregon,1977,-1.78
Oregon,1978,1.71
Oregon,1979,0.1
Oregon,1980,0.27
Oregon,1981,0.77
Oregon,1982,2.16
Oregon,1983,5.0
Oregon,1984,4.19
Oregon,1985,-2.52
Oregon,1986,-1.5
Oregon,1987,-1.47
Oregon,1988,-0.86
Oregon,1989,0.65
Oregon,1990,0.74
Oregon,1991,1.94
Oregon,1992,-3.69
Oregon,1993,3.99
Oregon,1994,-3.03
Oregon,1995,2.69
Oregon,1996,1.58
Oregon,1997,2.42
Oregon,1998,1.9
Oregon,1999,1.03
Oregon,2000,-1.92
Oregon,2001,-3.17
Oregon,2002,-3.01
Oregon,2003,-2.96
Oregon,2004,-0.3
Oregon,2005,0.54
Oregon,2006,-1.19
Oregon,2007,-2.42
Oregon,2008,-0.88
Oregon,2009,0.17
Oregon,2010,2.27
Oregon,2011,3.09
Oregon,2012,1.09
Oregon,2013,-1.73
Oregon,2014,-0.85
Oregon,2015,-3.7
Oregon,2016,-2.81
Oregon,2017,-1.41
Oregon,2018,-3.15
Oregon,2019,-0.52
Oregon,2020,-1.07
Oregon,2021,-5.24
Oregon,2022,1.36
Oregon,2023,-1.69
Pennsylvania,1974,1.62
Pennsylvania,1975,2.4
Pennsylvania,1976,0.17
Pennsylvania,1977,0.84
Pennsylvania,1978,1.45
Pennsylvania,1979,1.05
Pennsylvania,1980,-0.22
Pennsylvania,1981,-0.6
Pennsylvania,1982,-0.71
Pennsylvania,1983,-1.5
Pennsylvania,1984,3.5
Pennsylvania,1985,0.01
Pennsylvania,1986,0.9
Pennsylvania,1987,-0.18
Pennsylvania,1988,-2.0
Pennsylvania,1989,0.99
Pennsylvania,1990,1.6
Pennsylvania,1991,-3.99
Pennsylvania,1992,0.4
Pennsylvania,1993,-2.17
Pennsylvania,1994,3.89
Pennsylvania,1995,-3.1
Pennsylvania,1996,2.38
Pennsylvania,1997,0.07
Pennsylvania,1998,-0.7
Pennsylvania,1999,-3.96
Pennsylvania,2000,0.62
Pennsylvania,2001,-2.21
Pennsylvania,2002,-2.85
Pennsylvania,2003,2.83
Pennsylvania,2004,4.8
Pennsylvania,2005,-1.57
Pennsylvania,2006,1.8
Pennsylvania,2007,0.47
Pennsylvania,2008,-0.18
Pennsylvania,2009,1.86
Pennsylvania,2010,-1.69
Pennsylvania,2011,2.51
Pennsylvania,2012,-1.79
Pennsylvania,2013,1.24
Pennsylvania,2014,2.0
Pennsylvania,2015,0.27
Pennsylvania,2016,-1.93
Pennsylvania,2017,2.1
Pennsylvania,2018,4.77
Pennsylvania,2019,5.57
Pennsylvania,2020,-0.41
Pennsylvania,2021,1.79
Pennsylvania,2022,-1.07
Pennsylvania,2023,1.69
Rhode Island,1974,-1.07
Rhode Island,1975,-0.3
Rhode Island,1976,1.1
Rhode Island,1977,0.2
Rhode Island,1978,0.65
Rhode Island,1979,1.86
Rhode Island,1980,-1.16
Rhode Island,1981,-2.68
Rhode Island,1982,1.9
Rhode Island,1983,0.32
Rhode Island,1984,2.83
Rhode Island,1985,2.42
Rhode Island,1986,1.72
Rhode Island,1987,-2.13
Rhode Island,1988,-0.76
Rhode Island,1989,3.11
Rhode Island,1990,2.39
Rhode Island,1991,0.49
Rhode Island,1992,1.67
Rhode Island,1993,-2.59
Rhode Island,1994,-0.08
Rhode Island,1995,-2.72
Rhode Island,1996,0.75
Rhode Island,1997,0.48
Rhode Island,1998,3.01
Rhode Island,1999,-2.95
Rhode Island,2000,1.72
Rhode Island,2001,1.76
Rhode Island,2002,-2.26
Rhode Island,2003,2.36
Rhode Island,2004,0.61
Rhode Island,2005,-1.55
Rhode Island,2006,3.53
Rhode Island,2007,-0.43
Rhode Island,2008,0.04
Rhode Island,2009,3.32
Rhode Island,2010,0.3
Rhode Island,2011,0.91
Rhode Island,2012,0.14
Rhode Island,2013,0.88
Rhode Island,2014,-0.38
Rhode Island,2015,-1.5
Rhode Island,2016,-2.55
Rhode Island,2017,-0.17
Rhode Island,2018,-1.33
Rhode Island,2019,3.5
Rhode Island,2020,-2.11
Rhode Island,2021,1.79
Rhode Island,2022,-2.56
Rhode Island,2023,2.11
South Carolina,1974,1.18
South Carolina,1975,2.32
South Carolina,1976,0.84
South Carolina,1977,-2.19
South Carolina,1978,-0.77
South Carolina,1979,0.89
South Carolina,1980,-2.41
South Carolina,1981,-2.0
South Carolina,1982,0.68
South Carolina,1983,-2.44
South Carolina,1984,2.22
South Carolina,1985,0.48
South Carolina,1986,-1.9
South Carolina,1987,-2.28
South Carolina,1988,-2.29
South Carolina,1989,1.88
South Carolina,1990,-2.4
South Carolina,1991,3.09
South Carolina,1992,1.02
South Carolina,1993,-3.15
South Carolina,1994,1.7
South Carolina,1995,2.58
South Carolina,1996,-0.89
South Carolina,1997,-0.31
South Carolina,1998,-0.93
South Carolina,1999,-3.06
South Carolina,2000,-3.07
South Carolina,2001,-2.92
South Carolina,2002,-4.82
South Carolina,2003,3.84
South Carolina,2004,-0.14
South Carolina,2005,0.95
South Carolina,2006,-1.75
South Carolina,2007,-3.01
South Carolina,2008,-2.65
South Carolina,2009,-0.83
South Carolina,2010,-2.02
South Carolina,2011,-4.75
South Carolina,2012,-0.25
South Carolina,2013,4.02
South Carolina,2014,-0.86
South Carolina,2015,-2.14
South Carolina,2016,-2.09
South Carolina,2017,0.01
South Carolina,2018,-0.62
South Carolina,2019,-1.95
South Carolina,2020,2.46
South Carolina,2021,1.0
South Carolina,2022,-1.34
South Carolina,2023,1.55
South Dakota,1974,-2.2
South Dakota,1975,-0.53
South Dakota,1976,-4.17
South Dakota,1977,-0.37
South Dakota,1978,4.93
South Dakota,1979,3.22
South Dakota,1980,-3.04
South Dakota,1981,-3.63
South Dakota,1982,3.0
South Dakota,1983,5.27
South Dakota,1984,5.46
South Dakota,1985,-0.45
South Dakota,1986,4.64
South Dakota,1987,0.91
South Dakota,1988,-4.91
South Dakota,1989,-4.22
South Dakota,1990,-1.72
South Dakota,1991,0.41
South Dakota,1992,2.28
South Dakota,1993,7.31
South Dakota,1994,4.27
South Dakota,1995,6.64
South Dakota,1996,3.65
South Dakota,1997,7.99
South Dakota,1998,5.05
South Dakota,1999,7.44
South Dakota,2000,1.07
South Dakota,2001,2.0
South Dakota,2002,-2.93
South Dakota,2003,-2.98
South Dakota,2004,-2.01
South Dakota,2005,0.17
South Dakota,2006,-3.08
South Dakota,2007,1.17
South Dakota,2008,2.91
South Dakota,2009,6.05
South Dakota,2010,8.42
South Dakota,2011,8.85
South Dakota,2012,-4.24
South Dakota,2013,2.27
South Dakota,2014,6.68
South Dakota,2015,4.71
South Dakota,2016,1.95
South Dakota,2017,-0.29
South Dakota,2018,1.52
South Dakota,2019,9.15
South Dakota,2020,6.58
South Dakota,2021,-3.36
South Dakota,2022,-0.55
South Dakota,2023,2.31
Tennessee,1974,3.79
Tennessee,1975,1.75
Tennessee,1976,0.39
Tennessee,1977,-1.24
Tennessee,1978,0.8
Tennessee,1979,3.63
Tennessee,1980,-1.88
Tennessee,1981,0.57
Tennessee,1982,0.83
Tennessee,1983,-1.52
Tennessee,1984,1.19
Tennessee,1985,1.02
Tennessee,1986,-3.07
Tennessee,1987,-3.09
Tennessee,1988,-3.8
Tennessee,1989,4.0
Tennessee,1990,-0.35
Tennessee,1991,1.21
Tennessee,1992,2.02
Tennessee,1993,-1.48
Tennessee,1994,3.43
Tennessee,1995,0.83
Tennessee,1996,1.92
Tennessee,1997,2.73
Tennessee,1998,3.31
Tennessee,1999,-1.21
Tennessee,2000,-2.08
Tennessee,2001,0.32
Tennessee,2002,-1.36
Tennessee,2003,3.91
Tennessee,2004,2.85
Tennessee,2005,1.24
Tennessee,2006,-1.82
Tennessee,2007,-4.96
Tennessee,2008,-1.81
Tennessee,2009,2.04
Tennessee,2010,-0.16
Tennessee,2011,-1.39
Tennessee,2012,-2.7
Tennessee,2013,3.92
Tennessee,2014,2.58
Tennessee,2015,2.4
Tennessee,2016,-0.06
Tennessee,2017,2.0
Tennessee,2018,2.31
Tennessee,2019,4.55
Tennessee,2020,4.64
Tennessee,2021,3.79
Tennessee,2022,0.66
Tennessee,2023,1.93
Texas,1974,1.22
Texas,1975,5.2
Texas,1976,-0.35
Texas,1977,-0.32
Texas,1978,-2.89
Texas,1979,4.8
Texas,1980,-2.36
Texas,1981,2.04
Texas,1982,-0.61
Texas,1983,1.24
Texas,1984,-2.82
Texas,1985,0.67
Texas,1986,0.59
Texas,1987,5.39
Texas,1988,-1.23
Texas,1989,0.23
Texas,1990,0.44
Texas,1991,1.95
Texas,1992,6.27
Texas,1993,3.01
Texas,1994,-1.33
Texas,1995,2.81
Texas,1996,-1.18
Texas,1997,3.78
Texas,1998,-2.29
Texas,1999,-0.02
Texas,2000,-5.32
Texas,2001,-0.39
Texas,2002,-0.42
Texas,2003,-0.95
Texas,2004,3.37
Texas,2005,1.24
Texas,2006,-5.28
Texas,2007,7.7
Texas,2008,-0.49
Texas,2009,-4.7
Texas,2010,1.75
Texas,2011,-7.86
Texas,2012,-4.01
Texas,2013,-4.67
Texas,2014,-3.2
Texas,2015,3.64
Texas,2016,5.75
Texas,2017,2.47
Texas,2018,-3.69
Texas,2019,3.1
Texas,2020,-2.48
Texas,2021,2.53
Texas,2022,-4.14
Texas,2023,-4.65
Utah,1974,-3.23
Utah,1975,2.99
Utah,1976,-1.5
Utah,1977,-4.76
Utah,1978,0.03
Utah,1979,1.77
Utah,1980,3.42
Utah,1981,-2.62
Utah,1982,2.66
Utah,1983,7.27
Utah,1984,6.7
Utah,1985,2.11
Utah,1986,3.02
Utah,1987,0.23
Utah,1988,-0.96
Utah,1989,-3.62
Utah,1990,-5.34
Utah,1991,-2.28
Utah,1992,-2.41
Utah,1993,3.08
Utah,1994,-3.07
Utah,1995,5.69
Utah,1996,-3.11
Utah,1997,3.6
Utah,1998,4.94
Utah,1999,3.63
Utah,2000,-3.75
Utah,2001,-2.15
Utah,2002,-6.6
Utah,2003,-4.93
Utah,2004,-3.11
Utah,2005,5.23
Utah,2006,-2.1
Utah,2007,-3.51
Utah,2008,-1.31
Utah,2009,-1.71
Utah,2010,0.82
Utah,2011,5.7
Utah,2012,-4.59
Utah,2013,-4.17
Utah,2014,-1.51
Utah,2015,-1.56
Utah,2016,-2.15
Utah,2017,-0.76
Utah,2018,-5.67
Utah,2019,3.04
Utah,2020,-3.81
Utah,2021,-4.44
Utah,2022,-4.55
Utah,2023,2.81
Vermont,1974,3.27
Vermont,1975,0.19
Vermont,1976,4.66
Vermont,1977,-0.73
Vermont,1978,-0.35
Vermont,1979,-1.04
Vermont,1980,-2.66
Vermont,1981,0.78
Vermont,1982,-0.57
Vermont,1983,0.79
Vermont,1984,1.87
Vermont,1985,-1.03
Vermont,1986,2.15
Vermont,1987,-0.39
Vermont,1988,-0.5
Vermont,1989,1.47
Vermont,1990,3.34
Vermont,1991,-0.22
Vermont,1992,-0.26
Vermont,1993,-1.05
Vermont,1994,1.6
Vermont,1995,-2.67
Vermont,1996,2.48
Vermont,1997,2.47
Vermont,1998,3.26
Vermont,1999,-3.02
Vermont,2000,2.85
Vermont,2001,-2.83
Vermont,2002,-1.19
Vermont,2003,0.61
Vermont,2004,2.87
Vermont,2005,0.49
Vermont,2006,4.35
Vermont,2007,2.3
Vermont,2008,5.23
Vermont,2009,3.87
Vermont,2010,0.52
Vermont,2011,6.13
Vermont,2012,-2.12
Vermont,2013,2.51
Vermont,2014,2.23
Vermont,2015,0.39
Vermont,2016,-0.9
Vermont,2017,1.65
Vermont,2018,-1.18
Vermont,2019,1.4
Vermont,2020,-1.4
Vermont,2021,0.29
Vermont,2022,-1.36
Vermont,2023,4.06
Virginia,1974,0.35
Virginia,1975,1.78
Virginia,1976,-2.17
Virginia,1977,-3.15
Virginia,1978,2.54
Virginia,1979,2.31
Virginia,1980,-1.93
Virginia,1981,-2.4
Virginia,1982,1.26
Virginia,1983,-2.13
Virginia,1984,2.59
Virginia,1985,-0.06
Virginia,1986,-2.71
Virginia,1987,-2.58
Virginia,1988,-2.05
Virginia,1989,3.19
Virginia,1990,-0.27
Virginia,1991,-1.88
Virginia,1992,0.83
Virginia,1993,-2.25
Virginia,1994,1.41
Virginia,1995,-1.35
Virginia,1996,2.57
Virginia,1997,-1.17
Virginia,1998,-0.92
Virginia,1999,-4.32
Virginia,2000,1.45
Virginia,2001,0.77
Virginia,2002,-3.79
Virginia,2003,5.17
Virginia,2004,3.84
Virginia,2005,-1.22
Virginia,2006,-0.3
Virginia,2007,-2.57
Virginia,2008,-1.89
Virginia,2009,1.19
Virginia,2010,-2.79
Virginia,2011,-0.52
Virginia,2012,-1.17
Virginia,2013,2.92
Virginia,2014,1.07
Virginia,2015,-0.22
Virginia,2016,0.8
Virginia,2017,0.39
Virginia,2018,3.03
Virginia,2019,2.69
Virginia,2020,3.5
Virginia,2021,1.25
Virginia,2022,0.25
Virginia,2023,0.37
Washington,1974,2.35
Washington,1975,1.18
Washington,1976,2.31
Washington,1977,-1.06
Washington,1978,1.41
Washington,1979,-2.34
Washington,1980,1.23
Washington,1981,2.13
Washington,1982,0.26
Washington,1983,3.27
Washington,1984,2.6
Washington,1985,-2.64
Washington,1986,-1.77
Washington,1987,-1.81
Washington,1988,-0.02
Washington,1989,0.11
Washington,1990,1.87
Washington,1991,2.57
Washington,1992,-2.93
Washington,1993,2.94
Washington,1994,-2.41
Washington,1995,0.63
Washington,1996,0.88
Washington,1997,4.6
Washington,1998,-0.61
Washington,1999,2.62
Washington,2000,-0.33
Washington,2001,-0.37
Washington,2002,-0.82
Washington,2003,-2.74
Washington,2004,-0.15
Washington,2005,0.21
Washington,2006,-1.21
Washington,2007,-1.2
Washington,2008,0.26
Washington,2009,-1.63
Washington,2010,2.07
Washington,2011,2.75
Washington,2012,2.58
Washington,2013,0.37
Washington,2014,0.46
Washington,2015,-3.73
Washington,2016,-2.09
Washington,2017,-1.51
Washington,2018,-2.67
Washington,2019,-3.09
Washington,2020,-0.33
Washington,2021,-3.98
Washington,2022,1.46
Washington,2023,-3.47
West Virginia,1974,1.69
West Virginia,1975,1.71
West Virginia,1976,-1.14
West Virginia,1977,-0.39
West Virginia,1978,1.45
West Virginia,1979,3.05
West Virginia,1980,3.14
West Virginia,1981,-0.98
West Virginia,1982,0.78
West Virginia,1983,-1.48
West Virginia,1984,0.78
West Virginia,1985,0.04
West Virginia,1986,-1.17
West Virginia,1987,-2.61
West Virginia,1988,-4.47
West Virginia,1989,3.2
West Virginia,1990,0.84
West Virginia,1991,-3.41
West Virginia,1992,0.84
West Virginia,1993,-2.55
West Virginia,1994,3.5
West Virginia,1995,-1.46
West Virginia,1996,3.77
West Virginia,1997,1.84
West Virginia,1998,0.15
West Virginia,1999,-4.81
West Virginia,2000,1.15
West Virginia,2001,1.12
West Virginia,2002,-0.88
West Virginia,2003,3.64
West Virginia,2004,3.22
West Virginia,2005,-0.73
West Virginia,2006,-1.05
West Virginia,2007,-1.88
West Virginia,2008,0.85
West Virginia,2009,1.32
West Virginia,2010,-1.21
West Virginia,2011,-0.81
West Virginia,2012,-1.77
West Virginia,2013,2.0
West Virginia,2014,-0.1
West Virginia,2015,0.43
West Virginia,2016,-0.02
West Virginia,2017,0.83
West Virginia,2018,3.1
West Virginia,2019,2.3
West Virginia,2020,3.17
West Virginia,2021,-0.44
West Virginia,2022,2.05
West Virginia,2023,0.55
Wisconsin,1974,0.15
Wisconsin,1975,0.74
Wisconsin,1976,-3.13
Wisconsin,1977,-3.03
Wisconsin,1978,3.2
Wisconsin,1979,3.33
Wisconsin,1980,2.18
Wisconsin,1981,1.7
Wisconsin,1982,1.66
Wisconsin,1983,0.84
Wisconsin,1984,0.73
Wisconsin,1985,0.35
Wisconsin,1986,2.14
Wisconsin,1987,-1.17
Wisconsin,1988,-4.32
Wisconsin,1989,-2.34
Wisconsin,1990,2.37
Wisconsin,1991,0.17
Wisconsin,1992,-1.07
Wisconsin,1993,4.32
Wisconsin,1994,0.52
Wisconsin,1995,1.19
Wisconsin,1996,0.97
Wisconsin,1997,1.94
Wisconsin,1998,-0.61
Wisconsin,1999,2.25
Wisconsin,2000,1.74
Wisconsin,2001,0.83
Wisconsin,2002,2.21
Wisconsin,2003,-1.48
Wisconsin,2004,1.78
Wisconsin,2005,-2.49
Wisconsin,2006,-1.76
Wisconsin,2007,0.93
Wisconsin,2008,0.72
Wisconsin,2009,0.45
Wisconsin,2010,3.17
Wisconsin,2011,1.54
Wisconsin,2012,-2.44
Wisconsin,2013,0.52
Wisconsin,2014,2.9
Wisconsin,2015,0.64
Wisconsin,2016,3.64
Wisconsin,2017,4.89
Wisconsin,2018,3.02
Wisconsin,2019,4.8
Wisconsin,2020,4.08
Wisconsin,2021,0.84
Wisconsin,2022,0.49
Wisconsin,2023,-2.93
Wyoming,1974,-1.52
Wyoming,1975,1.87
Wyoming,1976,2.17
Wyoming,1977,-3.69
Wyoming,1978,1.72
Wyoming,1979,0.81
Wyoming,1980,-0.49
Wyoming,1981,-2.18
Wyoming,1982,3.06
Wyoming,1983,5.43
Wyoming,1984,4.11
Wyoming,1985,-3.69
Wyoming,1986,0.72
Wyoming,1987,0.2
Wyoming,1988,-5.59
Wyoming,1989,-4.48
Wyoming,1990,-2.53
Wyoming,1991,1.41
Wyoming,1992,-2.57
Wyoming,1993,4.02
Wyoming,1994,-2.97
Wyoming,1995,4.81
Wyoming,1996,0.23
Wyoming,1997,4.92
Wyoming,1998,4.44
Wyoming,1999,4.48
Wyoming,2000,-4.91
Wyoming,2001,-7.55
Wyoming,2002,-8.68
Wyoming,2003,-4.99
Wyoming,2004,-5.32
Wyoming,2005,-1.66
Wyoming,2006,-5.52
Wyoming,2007,-5.88
Wyoming,2008,-0.71
Wyoming,2009,2.05
Wyoming,2010,2.34
Wyoming,2011,2.96
Wyoming,2012,-6.57
Wyoming,2013,-6.67
Wyoming,2014,3.01
Wyoming,2015,1.62
Wyoming,2016,-2.02
Wyoming,2017,-1.49
Wyoming,2018,0.38
Wyoming,2019,1.86
Wyoming,2020,-2.44
Wyoming,2021,-5.66
Wyoming,2022,-4.33
Wyoming,2023,3.24
